date;id_product;units_sold;price;revenue;discount;units_returned;id_location;id_platform
2020-01-06;1;143;31,98;4573,14;0,03;2;1;1
2020-01-06;2;139;42,51;5908,89;0,04;0;2;2
2020-01-06;3;161;12,91;2078,51;0,25;0;1;2
2020-01-06;4;140;16,07;2249,8;0,08;0;1;1
2020-01-06;5;157;35,47;5568,79;0,25;3;1;3
2020-01-06;6;154;41,19;6343,26;0,13;1;2;1
2020-01-06;7;134;32,49;4353,66;0,05;1;2;1
2020-01-06;8;147;46,68;6861,96;0,19;0;1;2
2020-01-06;9;147;10,96;1611,12;0,06;2;3;2
2020-01-06;10;134;20,76;2781,84;0,00;0;1;2
2020-01-06;11;181;15,49;2803,69;0,14;1;3;2
2020-01-06;12;164;34,41;5643,24;0,04;1;3;1
2020-01-06;13;159;28,79;4577,61;0,10;1;2;3
2020-01-06;14;143;31,88;4558,84;0,06;3;2;1
2020-01-06;15;149;42,97;6402,53;0,22;2;1;3
2020-01-06;16;154;35,92;5531,68;0,04;2;3;2
2020-01-13;1;150;12,08;1812;0,02;2;2;2
2020-01-13;2;128;10,61;1358,08;0,24;2;3;2
2020-01-13;3;145;27,49;3986,05;0,19;2;3;1
2020-01-13;4;137;14,92;2044,04;0,17;2;3;2
2020-01-13;5;141;14,11;1989,51;0,24;1;1;3
2020-01-13;6;160;29,10;4656;0,05;0;1;2
2020-01-13;7;154;42,20;6498,8;0,13;0;2;1
2020-01-13;8;154;47,40;7299,6;0,20;2;3;2
2020-01-13;9;134;56,40;7557,6;0,06;1;1;3
2020-01-13;10;148;40,65;6016,2;0,24;1;2;2
2020-01-13;11;133;54,35;7228,55;0,16;1;2;1
2020-01-13;12;141;33,03;4657,23;0,21;2;3;2
2020-01-13;13;161;18,87;3038,07;0,14;5;3;3
2020-01-13;14;174;18,24;3173,76;0,03;2;3;1
2020-01-13;15;163;35,29;5752,27;0,21;2;3;2
2020-01-13;16;151;35,42;5348,42;0,07;2;3;2
2020-01-20;1;157;41,81;6564,17;0,19;0;3;1
2020-01-20;2;149;22,33;3327,17;0,18;5;2;1
2020-01-20;3;131;50,00;6550;0,05;1;3;1
2020-01-20;4;159;19,40;3084,6;0,09;2;3;1
2020-01-20;5;152;48,05;7303,6;0,01;2;3;3
2020-01-20;6;145;17,44;2528,8;0,08;3;2;2
2020-01-20;7;148;54,31;8037,88;0,15;1;2;3
2020-01-20;8;147;10,16;1493,52;0,15;1;3;3
2020-01-20;9;161;39,41;6345,01;0,12;2;2;1
2020-01-20;10;126;38,07;4796,82;0,14;1;1;2
2020-01-20;11;156;23,49;3664,44;0,21;1;1;3
2020-01-20;12;128;26,71;3418,88;0,20;2;1;3
2020-01-20;13;161;32,01;5153,61;0,04;1;1;2
2020-01-20;14;148;21,03;3112,44;0,15;2;2;1
2020-01-20;15;155;41,81;6480,55;0,20;0;2;3
2020-01-20;16;147;29,19;4290,93;0,14;2;3;2
2020-01-27;1;137;26,73;3662,01;0,01;0;2;2
2020-01-27;2;163;35,90;5851,7;0,07;4;2;3
2020-01-27;3;141;53,64;7563,24;0,21;0;1;3
2020-01-27;4;162;34,15;5532,3;0,03;0;2;3
2020-01-27;5;158;31,84;5030,72;0,18;2;3;3
2020-01-27;6;136;16,77;2280,72;0,19;2;3;3
2020-01-27;7;180;12,85;2313;0,07;1;3;1
2020-01-27;8;140;47,97;6715,8;0,11;2;2;3
2020-01-27;9;126;11,68;1471,68;0,02;3;1;1
2020-01-27;10;135;30,55;4124,25;0,09;3;3;2
2020-01-27;11;174;30,94;5383,56;0,07;2;1;2
2020-01-27;12;156;38,27;5970,12;0,12;4;2;3
2020-01-27;13;154;15,70;2417,8;0,04;1;2;1
2020-01-27;14;141;38,06;5366,46;0,13;0;2;3
2020-01-27;15;165;13,38;2207,7;0,18;2;3;3
2020-01-27;16;129;34,23;4415,67;0,04;3;1;2
2020-02-03;1;165;33,11;5463,15;0,10;2;1;3
2020-02-03;2;152;35,63;5415,76;0,20;1;2;2
2020-02-03;3;138;18,24;2517,12;0,08;2;2;2
2020-02-03;4;151;53,89;8137,39;0,22;3;2;2
2020-02-03;5;140;59,25;8295;0,19;0;2;2
2020-02-03;6;126;55,46;6987,96;0,13;1;3;3
2020-02-03;7;132;51,11;6746,52;0,10;2;1;2
2020-02-03;8;184;36,17;6655,28;0,07;3;1;2
2020-02-03;9;153;49,90;7634,7;0,10;3;2;2
2020-02-03;10;151;44,79;6763,29;0,20;1;1;2
2020-02-03;11;135;19,21;2593,35;0,22;2;2;2
2020-02-03;12;135;40,76;5502,6;0,02;3;1;3
2020-02-03;13;162;58,36;9454,32;0,10;5;2;2
2020-02-03;14;156;18,30;2854,8;0,22;1;2;3
2020-02-03;15;136;37,99;5166,64;0,13;2;3;2
2020-02-03;16;168;46,57;7823,76;0,05;3;1;3
2020-02-10;1;163;45,51;7418,13;0,08;1;2;3
2020-02-10;2;163;27,89;4546,07;0,12;3;2;2
2020-02-10;3;144;45,60;6566,4;0,21;0;1;2
2020-02-10;4;140;27,40;3836;0,11;2;2;1
2020-02-10;5;155;27,62;4281,1;0,21;1;3;3
2020-02-10;6;134;26,26;3518,84;0,17;0;2;2
2020-02-10;7;137;21,36;2926,32;0,21;1;1;3
2020-02-10;8;155;35,63;5522,65;0,08;1;2;2
2020-02-10;9;155;53,56;8301,8;0,19;2;2;1
2020-02-10;10;156;55,36;8636,16;0,17;2;2;3
2020-02-10;11;132;33,02;4358,64;0,22;1;3;3
2020-02-10;12;146;15,54;2268,84;0,11;0;1;2
2020-02-10;13;142;24,61;3494,62;0,23;2;2;3
2020-02-10;14;162;58,14;9418,68;0,18;1;2;1
2020-02-10;15;163;53,64;8743,32;0,03;2;3;1
2020-02-10;16;151;22,09;3335,59;0,00;1;3;2
2020-02-17;1;143;24,86;3554,98;0,07;2;1;3
2020-02-17;2;165;39,66;6543,9;0,22;0;1;3
2020-02-17;3;129;49,73;6415,17;0,01;1;1;1
2020-02-17;4;151;51,57;7787,07;0,15;0;3;2
2020-02-17;5;131;43,46;5693,26;0,21;3;3;1
2020-02-17;6;152;31,52;4791,04;0,08;1;2;2
2020-02-17;7;160;54,63;8740,8;0,11;2;2;2
2020-02-17;8;155;45,13;6995,15;0,06;1;3;3
2020-02-17;9;132;34,38;4538,16;0,16;3;1;1
2020-02-17;10;154;35,31;5437,74;0,16;0;3;2
2020-02-17;11;141;33,62;4740,42;0,01;0;3;3
2020-02-17;12;144;19,80;2851,2;0,15;1;3;3
2020-02-17;13;139;10,28;1428,92;0,00;0;3;1
2020-02-17;14;117;26,94;3151,98;0,20;1;1;2
2020-02-17;15;150;56,59;8488,5;0,10;0;2;2
2020-02-17;16;154;27,26;4198,04;0,13;3;1;2
2020-02-24;1;150;59,64;8946;0,03;1;2;1
2020-02-24;2;146;30,55;4460,3;0,23;2;2;3
2020-02-24;3;154;51,19;7883,26;0,24;3;3;2
2020-02-24;4;123;12,98;1596,54;0,15;2;3;1
2020-02-24;5;133;32,81;4363,73;0,09;0;1;2
2020-02-24;6;147;13,55;1991,85;0,02;1;2;2
2020-02-24;7;175;43,93;7687,75;0,09;2;2;2
2020-02-24;8;170;53,68;9125,6;0,18;0;2;3
2020-02-24;9;169;36,70;6202,3;0,04;0;1;3
2020-02-24;10;147;34,30;5042,1;0,14;0;2;3
2020-02-24;11;133;27,16;3612,28;0,18;2;2;3
2020-02-24;12;164;31,50;5166;0,17;1;1;3
2020-02-24;13;143;32,32;4621,76;0,20;2;3;3
2020-02-24;14;147;39,11;5749,17;0,09;2;2;3
2020-02-24;15;158;28,73;4539,34;0,04;1;2;2
2020-02-24;16;135;27,29;3684,15;0,04;0;1;2
2020-03-02;1;155;27,03;4189,65;0,02;1;1;2
2020-03-02;2;143;40,29;5761,47;0,09;0;1;3
2020-03-02;3;157;34,28;5381,96;0,01;1;1;3
2020-03-02;4;184;11,95;2198,8;0,01;1;2;3
2020-03-02;5;136;47,81;6502,16;0,11;1;3;1
2020-03-02;6;169;57,80;9768,2;0,08;3;1;2
2020-03-02;7;154;59,20;9116,8;0,07;4;1;3
2020-03-02;8;146;27,02;3944,92;0,14;0;2;2
2020-03-02;9;152;48,10;7311,2;0,21;1;2;2
2020-03-02;10;143;19,73;2821,39;0,01;1;3;2
2020-03-02;11;152;39,02;5931,04;0,03;1;3;2
2020-03-02;12;154;30,09;4633,86;0,25;3;1;2
2020-03-02;13;154;41,03;6318,62;0,05;1;2;2
2020-03-02;14;151;58,20;8788,2;0,23;2;3;1
2020-03-02;15;151;16,53;2496,03;0,20;0;2;2
2020-03-02;16;161;53,85;8669,85;0,24;0;3;2
2020-03-09;1;149;34,17;5091,33;0,22;2;3;1
2020-03-09;2;145;20,16;2923,2;0,19;1;1;3
2020-03-09;3;150;38,86;5829;0,22;4;2;1
2020-03-09;4;147;48,23;7089,81;0,14;4;2;1
2020-03-09;5;138;52,70;7272,6;0,11;3;1;2
2020-03-09;6;168;54,17;9100,56;0,11;2;1;2
2020-03-09;7;154;10,96;1687,84;0,12;2;3;2
2020-03-09;8;158;16,72;2641,76;0,07;1;3;3
2020-03-09;9;162;20,54;3327,48;0,24;0;2;2
2020-03-09;10;163;10,72;1747,36;0,18;3;2;3
2020-03-09;11;159;47,67;7579,53;0,19;2;1;3
2020-03-09;12;160;40,68;6508,8;0,02;1;2;1
2020-03-09;13;128;30,36;3886,08;0,02;1;3;1
2020-03-09;14;132;57,38;7574,16;0,02;3;3;2
2020-03-09;15;151;13,84;2089,84;0,13;2;1;3
2020-03-09;16;158;13,65;2156,7;0,10;1;1;2
2020-03-16;1;140;50,17;7023,8;0,23;1;1;3
2020-03-16;2;169;33,82;5715,58;0,06;2;1;1
2020-03-16;3;145;16,15;2341,75;0,22;1;1;2
2020-03-16;4;148;41,24;6103,52;0,02;2;2;2
2020-03-16;5;140;51,13;7158,2;0,20;1;3;1
2020-03-16;6;151;48,77;7364,27;0,07;1;2;2
2020-03-16;7;142;41,48;5890,16;0,01;2;1;2
2020-03-16;8;143;35,56;5085,08;0,01;1;3;2
2020-03-16;9;158;51,97;8211,26;0,00;1;1;3
2020-03-16;10;159;15,09;2399,31;0,09;1;1;3
2020-03-16;11;164;49,45;8109,8;0,22;1;1;3
2020-03-16;12;170;58,20;9894;0,02;2;1;2
2020-03-16;13;150;41,64;6246;0,18;0;2;3
2020-03-16;14;136;43,32;5891,52;0,24;2;2;1
2020-03-16;15;178;24,90;4432,2;0,03;3;2;3
2020-03-16;16;155;28,00;4340;0,24;1;3;2
2020-03-23;1;148;20,44;3025,12;0,09;1;2;1
2020-03-23;2;147;52,52;7720,44;0,05;2;1;2
2020-03-23;3;149;20,79;3097,71;0,17;2;1;3
2020-03-23;4;142;42,58;6046,36;0,18;1;1;2
2020-03-23;5;155;45,66;7077,3;0,05;3;1;1
2020-03-23;6;142;12,90;1831,8;0,03;1;2;1
2020-03-23;7;141;10,73;1512,93;0,09;1;2;3
2020-03-23;8;147;30,21;4440,87;0,13;2;2;2
2020-03-23;9;156;48,70;7597,2;0,19;1;1;2
2020-03-23;10;162;23,28;3771,36;0,00;1;2;3
2020-03-23;11;160;27,40;4384;0,09;0;3;2
2020-03-23;12;143;58,71;8395,53;0,21;0;1;3
2020-03-23;13;168;49,02;8235,36;0,11;1;3;2
2020-03-23;14;143;21,41;3061,63;0,06;1;1;2
2020-03-23;15;159;12,89;2049,51;0,24;4;3;2
2020-03-23;16;151;13,78;2080,78;0,09;1;2;2
2020-03-30;1;138;41,12;5674,56;0,20;1;1;3
2020-03-30;2;135;41,80;5643;0,10;2;1;2
2020-03-30;3;141;55,87;7877,67;0,07;1;3;2
2020-03-30;4;168;13,11;2202,48;0,04;0;2;2
2020-03-30;5;155;16,71;2590,05;0,24;1;3;2
2020-03-30;6;140;43,98;6157,2;0,02;1;2;1
2020-03-30;7;162;37,33;6047,46;0,11;0;3;2
2020-03-30;8;136;20,46;2782,56;0,01;2;3;2
2020-03-30;9;165;58,03;9574,95;0,05;4;1;3
2020-03-30;10;141;39,68;5594,88;0,02;2;2;3
2020-03-30;11;160;33,85;5416;0,18;1;3;1
2020-03-30;12;155;18,13;2810,15;0,14;2;2;3
2020-03-30;13;150;10,45;1567,5;0,09;3;2;2
2020-03-30;14;140;21,10;2954;0,08;3;3;3
2020-03-30;15;158;31,44;4967,52;0,01;1;2;3
2020-03-30;16;156;24,44;3812,64;0,10;3;3;2
2020-04-06;1;160;29,62;4739,2;0,19;3;2;3
2020-04-06;2;178;27,86;4959,08;0,20;1;2;1
2020-04-06;3;152;42,83;6510,16;0,06;0;3;2
2020-04-06;4;171;35,30;6036,3;0,06;0;3;2
2020-04-06;5;116;53,34;6187,44;0,07;3;2;1
2020-04-06;6;153;39,00;5967;0,13;2;3;1
2020-04-06;7;142;54,70;7767,4;0,24;3;3;1
2020-04-06;8;147;33,82;4971,54;0,12;0;1;2
2020-04-06;9;153;26,58;4066,74;0,21;0;1;3
2020-04-06;10;127;57,04;7244,08;0,13;1;1;3
2020-04-06;11;162;26,61;4310,82;0,17;2;1;2
2020-04-06;12;156;53,79;8391,24;0,13;1;3;3
2020-04-06;13;147;16,39;2409,33;0,19;0;2;2
2020-04-06;14;147;12,73;1871,31;0,24;0;2;1
2020-04-06;15;143;21,52;3077,36;0,00;2;3;2
2020-04-06;16;185;43,15;7982,75;0,19;3;2;3
2020-04-13;1;147;26,26;3860,22;0,18;2;1;1
2020-04-13;2;137;55,10;7548,7;0,20;4;3;1
2020-04-13;3;160;39,53;6324,8;0,17;0;3;3
2020-04-13;4;151;18,37;2773,87;0,20;2;3;2
2020-04-13;5;178;23,27;4142,06;0,15;1;3;2
2020-04-13;6;158;15,13;2390,54;0,13;1;1;3
2020-04-13;7;145;51,38;7450,1;0,17;2;2;1
2020-04-13;8;149;44,73;6664,77;0,18;3;1;2
2020-04-13;9;142;19,76;2805,92;0,09;1;3;2
2020-04-13;10;157;38,10;5981,7;0,24;1;2;3
2020-04-13;11;146;49,31;7199,26;0,18;1;1;3
2020-04-13;12;140;50,86;7120,4;0,14;4;1;1
2020-04-13;13;123;45,92;5648,16;0,22;0;2;2
2020-04-13;14;162;29,83;4832,46;0,03;3;3;2
2020-04-13;15;136;24,50;3332;0,22;2;1;1
2020-04-13;16;162;41,24;6680,88;0,14;3;3;1
2020-04-20;1;169;43,70;7385,3;0,01;2;3;1
2020-04-20;2;142;27,65;3926,3;0,16;1;1;3
2020-04-20;3;159;13,42;2133,78;0,20;1;2;3
2020-04-20;4;148;26,62;3939,76;0,01;1;3;2
2020-04-20;5;176;43,57;7668,32;0,16;1;3;1
2020-04-20;6;147;15,07;2215,29;0,07;1;3;3
2020-04-20;7;148;13,38;1980,24;0,13;0;1;1
2020-04-20;8;188;30,18;5673,84;0,18;2;3;3
2020-04-20;9;147;29,88;4392,36;0,07;0;3;3
2020-04-20;10;149;24,37;3631,13;0,16;4;3;2
2020-04-20;11;154;13,78;2122,12;0,24;1;1;2
2020-04-20;12;130;41,18;5353,4;0,16;0;3;2
2020-04-20;13;141;45,33;6391,53;0,15;1;2;2
2020-04-20;14;141;53,30;7515,3;0,24;0;2;2
2020-04-20;15;159;20,13;3200,67;0,15;2;3;3
2020-04-20;16;157;10,77;1690,89;0,15;1;2;2
2020-04-27;1;148;29,95;4432,6;0,21;0;3;2
2020-04-27;2;131;31,68;4150,08;0,02;2;3;3
2020-04-27;3;170;22,94;3899,8;0,11;2;1;3
2020-04-27;4;154;22,10;3403,4;0,18;0;3;1
2020-04-27;5;138;46,94;6477,72;0,00;0;2;1
2020-04-27;6;139;22,38;3110,82;0,02;1;3;1
2020-04-27;7;159;43,64;6938,76;0,02;4;1;2
2020-04-27;8;164;51,15;8388,6;0,23;2;3;3
2020-04-27;9;138;47,14;6505,32;0,18;1;2;3
2020-04-27;10;127;56,04;7117,08;0,15;1;1;1
2020-04-27;11;141;54,77;7722,57;0,17;2;2;1
2020-04-27;12;148;22,42;3318,16;0,18;1;1;1
2020-04-27;13;148;56,81;8407,88;0,02;3;2;1
2020-04-27;14;142;11,10;1576,2;0,08;1;1;3
2020-04-27;15;124;56,36;6988,64;0,03;2;1;1
2020-04-27;16;147;23,01;3382,47;0,04;0;1;3
2020-05-04;1;127;43,21;5487,67;0,22;2;1;3
2020-05-04;2;157;24,46;3840,22;0,08;1;2;3
2020-05-04;3;150;27,84;4176;0,09;3;1;3
2020-05-04;4;161;55,69;8966,09;0,24;1;2;1
2020-05-04;5;145;57,06;8273,7;0,22;0;1;3
2020-05-04;6;146;35,16;5133,36;0,05;3;1;3
2020-05-04;7;156;52,94;8258,64;0,19;1;1;2
2020-05-04;8;154;43,68;6726,72;0,04;2;1;3
2020-05-04;9;140;18,26;2556,4;0,00;2;2;3
2020-05-04;10;159;18,07;2873,13;0,02;0;2;3
2020-05-04;11;140;15,27;2137,8;0,06;1;2;1
2020-05-04;12;154;12,89;1985,06;0,10;1;1;3
2020-05-04;13;154;30,79;4741,66;0,11;1;3;2
2020-05-04;14;157;18,58;2917,06;0,13;1;3;3
2020-05-04;15;166;36,63;6080,58;0,03;2;3;3
2020-05-04;16;133;17,14;2279,62;0,17;0;3;2
2020-05-11;1;146;20,22;2952,12;0,13;1;1;3
2020-05-11;2;127;38,03;4829,81;0,16;2;3;2
2020-05-11;3;141;46,17;6509,97;0,13;3;2;3
2020-05-11;4;163;34,25;5582,75;0,08;3;1;2
2020-05-11;5;148;52,75;7807;0,22;1;1;2
2020-05-11;6;128;50,18;6423,04;0,23;0;3;1
2020-05-11;7;127;29,47;3742,69;0,14;4;1;3
2020-05-11;8;127;13,71;1741,17;0,09;2;3;1
2020-05-11;9;152;21,01;3193,52;0,09;1;1;3
2020-05-11;10;127;33,21;4217,67;0,18;2;3;3
2020-05-11;11;158;20,88;3299,04;0,17;1;1;2
2020-05-11;12;160;13,32;2131,2;0,19;2;1;3
2020-05-11;13;161;50,15;8074,15;0,13;0;1;1
2020-05-11;14;156;47,11;7349,16;0,04;0;1;3
2020-05-11;15;168;55,41;9308,88;0,19;2;3;1
2020-05-11;16;156;38,94;6074,64;0,16;0;2;3
2020-05-18;1;149;23,55;3508,95;0,05;1;3;3
2020-05-18;2;140;31,24;4373,6;0,23;1;3;3
2020-05-18;3;138;44,81;6183,78;0,10;2;1;2
2020-05-18;4;156;23,60;3681,6;0,17;1;1;3
2020-05-18;5;175;26,23;4590,25;0,07;1;1;3
2020-05-18;6;157;39,77;6243,89;0,07;2;2;2
2020-05-18;7;162;48,04;7782,48;0,05;0;1;1
2020-05-18;8;157;31,62;4964,34;0,01;1;1;2
2020-05-18;9;140;11,95;1673;0,17;1;2;3
2020-05-18;10;168;26,26;4411,68;0,23;6;1;3
2020-05-18;11;163;22,45;3659,35;0,14;0;1;1
2020-05-18;12;144;50,33;7247,52;0,21;6;3;2
2020-05-18;13;140;30,56;4278,4;0,03;0;2;3
2020-05-18;14;145;38,31;5554,95;0,08;2;2;1
2020-05-18;15;140;48,22;6750,8;0,16;2;1;2
2020-05-18;16;154;41,23;6349,42;0,22;2;3;3
2020-05-25;1;160;45,37;7259,2;0,10;1;2;2
2020-05-25;2;153;56,46;8638,38;0,09;1;2;3
2020-05-25;3;162;39,66;6424,92;0,01;1;1;2
2020-05-25;4;156;28,66;4470,96;0,24;0;2;2
2020-05-25;5;150;44,86;6729;0,16;1;1;2
2020-05-25;6;136;39,97;5435,92;0,04;2;1;1
2020-05-25;7;148;51,87;7676,76;0,04;0;2;3
2020-05-25;8;161;44,98;7241,78;0,21;3;2;2
2020-05-25;9;150;17,68;2652;0,14;1;2;2
2020-05-25;10;171;39,64;6778,44;0,09;0;1;1
2020-05-25;11;129;54,05;6972,45;0,22;2;3;3
2020-05-25;12;139;54,30;7547,7;0,05;2;3;2
2020-05-25;13;142;59,86;8500,12;0,01;3;2;3
2020-05-25;14;149;13,12;1954,88;0,08;0;2;1
2020-05-25;15;130;13,55;1761,5;0,05;0;1;2
2020-05-25;16;149;15,05;2242,45;0,04;0;2;2
2020-06-01;1;142;26,31;3736,02;0,07;0;3;3
2020-06-01;2;134;27,77;3721,18;0,17;0;2;1
2020-06-01;3;139;17,35;2411,65;0,09;3;3;3
2020-06-01;4;136;34,23;4655,28;0,08;1;1;2
2020-06-01;5;162;39,03;6322,86;0,13;0;3;2
2020-06-01;6;154;34,39;5296,06;0,02;1;1;1
2020-06-01;7;143;12,85;1837,55;0,10;1;1;3
2020-06-01;8;158;43,36;6850,88;0,19;3;1;1
2020-06-01;9;143;52,01;7437,43;0,25;3;2;3
2020-06-01;10;145;34,47;4998,15;0,19;1;1;3
2020-06-01;11;149;28,07;4182,43;0,21;1;1;2
2020-06-01;12;144;48,12;6929,28;0,03;0;1;3
2020-06-01;13;178;38,39;6833,42;0,14;2;2;1
2020-06-01;14;155;37,63;5832,65;0,09;2;1;3
2020-06-01;15;135;19,26;2600,1;0,07;0;1;1
2020-06-01;16;137;24,29;3327,73;0,23;4;3;2
2020-06-08;1;152;28,73;4366,96;0,20;1;2;2
2020-06-08;2;130;52,26;6793,8;0,20;0;3;1
2020-06-08;3;156;20,91;3261,96;0,22;1;3;2
2020-06-08;4;141;53,53;7547,73;0,20;2;1;1
2020-06-08;5;159;32,92;5234,28;0,09;0;1;3
2020-06-08;6;149;12,00;1788;0,07;0;2;3
2020-06-08;7;140;33,40;4676;0,12;2;3;1
2020-06-08;8;136;31,50;4284;0,15;7;3;1
2020-06-08;9;160;51,38;8220,8;0,04;0;3;1
2020-06-08;10;138;35,53;4903,14;0,15;3;1;3
2020-06-08;11;150;12,51;1876,5;0,01;1;1;2
2020-06-08;12;148;18,03;2668,44;0,01;1;2;2
2020-06-08;13;140;46,23;6472,2;0,03;2;2;1
2020-06-08;14;142;28,99;4116,58;0,20;1;3;2
2020-06-08;15;159;48,64;7733,76;0,06;2;1;2
2020-06-08;16;152;29,37;4464,24;0,02;0;3;3
2020-06-15;1;163;48,76;7947,88;0,06;1;2;3
2020-06-15;2;156;23,27;3630,12;0,15;2;3;3
2020-06-15;3;143;57,36;8202,48;0,22;2;1;2
2020-06-15;4;142;58,17;8260,14;0,00;2;2;1
2020-06-15;5;158;59,51;9402,58;0,08;1;2;1
2020-06-15;6;129;23,05;2973,45;0,09;2;1;1
2020-06-15;7;174;28,63;4981,62;0,23;0;1;1
2020-06-15;8;130;39,76;5168,8;0,04;4;1;1
2020-06-15;9;148;22,33;3304,84;0,12;2;3;2
2020-06-15;10;159;38,89;6183,51;0,23;3;2;3
2020-06-15;11;160;10,34;1654,4;0,05;2;3;3
2020-06-15;12;147;54,23;7971,81;0,22;3;3;1
2020-06-15;13;143;23,58;3371,94;0,05;0;3;3
2020-06-15;14;144;51,55;7423,2;0,03;2;1;3
2020-06-15;15;151;34,64;5230,64;0,07;2;2;1
2020-06-15;16;148;15,83;2342,84;0,14;3;3;1
2020-06-22;1;144;42,93;6181,92;0,23;2;1;3
2020-06-22;2;152;54,92;8347,84;0,10;1;2;2
2020-06-22;3;162;38,84;6292,08;0,12;0;2;3
2020-06-22;4;127;46,94;5961,38;0,01;2;3;3
2020-06-22;5;151;18,63;2813,13;0,14;1;3;1
2020-06-22;6;174;59,18;10297,32;0,06;5;2;3
2020-06-22;7;148;12,52;1852,96;0,01;2;2;2
2020-06-22;8;148;40,70;6023,6;0,06;2;2;2
2020-06-22;9;145;51,03;7399,35;0,12;1;1;1
2020-06-22;10;145;26,41;3829,45;0,05;0;2;3
2020-06-22;11;149;52,05;7755,45;0,06;1;1;3
2020-06-22;12;162;29,23;4735,26;0,11;1;2;1
2020-06-22;13;173;56,69;9807,37;0,17;2;2;3
2020-06-22;14;147;42,82;6294,54;0,24;1;3;3
2020-06-22;15;158;30,88;4879,04;0,03;2;2;3
2020-06-22;16;174;13,84;2408,16;0,09;2;2;3
2020-06-29;1;146;50,73;7406,58;0,15;1;1;1
2020-06-29;2;141;27,74;3911,34;0,10;2;1;2
2020-06-29;3;156;29,76;4642,56;0,05;0;3;2
2020-06-29;4;163;30,96;5046,48;0,04;3;3;2
2020-06-29;5;152;35,12;5338,24;0,18;4;3;3
2020-06-29;6;139;56,72;7884,08;0,23;2;2;1
2020-06-29;7;155;47,62;7381,1;0,13;2;1;3
2020-06-29;8;147;51,22;7529,34;0,04;3;2;1
2020-06-29;9;151;31,57;4767,07;0,09;3;1;3
2020-06-29;10;141;34,20;4822,2;0,13;1;1;2
2020-06-29;11;153;11,96;1829,88;0,07;0;2;2
2020-06-29;12;146;27,29;3984,34;0,17;2;2;2
2020-06-29;13;176;49,16;8652,16;0,07;5;1;3
2020-06-29;14;156;16,02;2499,12;0,23;0;1;1
2020-06-29;15;154;25,36;3905,44;0,14;1;1;3
2020-06-29;16;136;30,91;4203,76;0,19;3;1;2
2020-07-06;1;129;15,01;1936,29;0,00;2;2;3
2020-07-06;2;154;21,69;3340,26;0,01;3;1;1
2020-07-06;3;140;56,32;7884,8;0,10;0;3;2
2020-07-06;4;146;39,16;5717,36;0,00;2;1;1
2020-07-06;5;143;39,42;5637,06;0,10;4;2;1
2020-07-06;6;151;45,47;6865,97;0,07;3;1;3
2020-07-06;7;145;12,53;1816,85;0,11;3;3;2
2020-07-06;8;162;21,30;3450,6;0,20;4;2;1
2020-07-06;9;131;26,87;3519,97;0,22;0;3;1
2020-07-06;10;139;12,56;1745,84;0,12;1;2;3
2020-07-06;11;144;36,50;5256;0,04;1;3;3
2020-07-06;12;162;17,69;2865,78;0,04;1;1;1
2020-07-06;13;145;43,98;6377,1;0,01;0;3;2
2020-07-06;14;146;19,67;2871,82;0,16;1;1;3
2020-07-06;15;167;24,86;4151,62;0,06;1;2;1
2020-07-06;16;140;51,30;7182;0,17;2;3;2
2020-07-13;1;146;46,90;6847,4;0,09;2;1;3
2020-07-13;2;141;59,63;8407,83;0,04;5;1;3
2020-07-13;3;156;53,31;8316,36;0,07;1;1;3
2020-07-13;4;154;31,37;4830,98;0,08;2;3;1
2020-07-13;5;165;56,72;9358,8;0,17;3;2;2
2020-07-13;6;152;10,81;1643,12;0,20;0;3;3
2020-07-13;7;142;48,27;6854,34;0,06;3;2;2
2020-07-13;8;132;58,96;7782,72;0,17;2;1;3
2020-07-13;9;144;39,71;5718,24;0,15;2;2;1
2020-07-13;10;153;23,80;3641,4;0,19;1;1;3
2020-07-13;11;157;41,27;6479,39;0,19;1;1;3
2020-07-13;12;125;40,30;5037,5;0,21;0;1;2
2020-07-13;13;159;33,93;5394,87;0,23;1;1;3
2020-07-13;14;149;14,08;2097,92;0,06;0;1;1
2020-07-13;15;155;37,41;5798,55;0,04;1;3;2
2020-07-13;16;153;35,01;5356,53;0,02;0;1;1
2020-07-20;1;154;55,86;8602,44;0,10;0;2;1
2020-07-20;2;158;36,27;5730,66;0,17;3;2;2
2020-07-20;3;161;43,98;7080,78;0,24;1;1;2
2020-07-20;4;139;41,69;5794,91;0,15;0;3;2
2020-07-20;5;158;43,25;6833,5;0,14;1;1;2
2020-07-20;6;134;51,58;6911,72;0,23;2;1;2
2020-07-20;7;132;46,45;6131,4;0,19;0;2;2
2020-07-20;8;145;10,64;1542,8;0,14;3;1;3
2020-07-20;9;180;35,72;6429,6;0,02;2;1;1
2020-07-20;10;146;29,44;4298,24;0,06;0;3;2
2020-07-20;11;143;18,84;2694,12;0,25;1;3;2
2020-07-20;12;151;59,78;9026,78;0,15;3;2;3
2020-07-20;13;144;30,14;4340,16;0,17;2;2;1
2020-07-20;14;143;41,62;5951,66;0,03;1;3;3
2020-07-20;15;157;47,67;7484,19;0,22;1;3;2
2020-07-20;16;159;19,33;3073,47;0,01;1;3;3
2020-07-27;1;148;52,50;7770;0,05;0;2;3
2020-07-27;2;183;33,92;6207,36;0,15;2;3;1
2020-07-27;3;130;15,27;1985,1;0,15;1;1;3
2020-07-27;4;140;51,00;7140;0,01;1;3;2
2020-07-27;5;157;25,39;3986,23;0,15;3;1;2
2020-07-27;6;162;46,51;7534,62;0,09;2;2;3
2020-07-27;7;149;45,09;6718,41;0,14;1;3;1
2020-07-27;8;170;25,79;4384,3;0,01;3;3;1
2020-07-27;9;157;43,78;6873,46;0,10;2;1;2
2020-07-27;10;148;56,74;8397,52;0,06;0;2;3
2020-07-27;11;153;28,89;4420,17;0,02;1;3;2
2020-07-27;12;150;42,91;6436,5;0,25;1;1;3
2020-07-27;13;145;15,76;2285,2;0,22;1;3;2
2020-07-27;14;146;32,10;4686,6;0,16;0;3;1
2020-07-27;15;155;17,57;2723,35;0,12;2;3;2
2020-07-27;16;153;26,90;4115,7;0,03;1;2;3
2020-08-03;1;136;20,44;2779,84;0,01;1;2;1
2020-08-03;2;153;38,85;5944,05;0,09;3;1;1
2020-08-03;3;151;38,29;5781,79;0,23;1;3;3
2020-08-03;4;142;17,57;2494,94;0,11;2;3;1
2020-08-03;5;160;51,42;8227,2;0,02;1;1;3
2020-08-03;6;155;49,17;7621,35;0,07;4;1;2
2020-08-03;7;134;58,55;7845,7;0,04;2;2;2
2020-08-03;8;119;35,81;4261,39;0,15;3;3;2
2020-08-03;9;156;50,48;7874,88;0,24;0;1;1
2020-08-03;10;162;16,61;2690,82;0,11;2;1;2
2020-08-03;11;146;39,97;5835,62;0,23;1;3;2
2020-08-03;12;139;12,42;1726,38;0,21;2;1;2
2020-08-03;13;153;49,99;7648,47;0,14;3;3;1
2020-08-03;14;155;39,93;6189,15;0,10;4;2;1
2020-08-03;15;151;21,02;3174,02;0,16;2;1;2
2020-08-03;16;137;40,22;5510,14;0,19;1;1;1
2020-08-10;1;139;14,01;1947,39;0,11;0;1;3
2020-08-10;2;137;29,34;4019,58;0,01;1;1;1
2020-08-10;3;150;29,14;4371;0,21;0;2;2
2020-08-10;4;150;13,56;2034;0,14;2;2;1
2020-08-10;5;167;57,99;9684,33;0,01;0;2;3
2020-08-10;6;120;37,06;4447,2;0,16;0;1;1
2020-08-10;7;176;24,83;4370,08;0,02;0;2;3
2020-08-10;8;134;35,93;4814,62;0,06;1;1;3
2020-08-10;9;177;29,11;5152,47;0,14;0;3;1
2020-08-10;10;155;34,48;5344,4;0,10;0;1;1
2020-08-10;11;144;14,92;2148,48;0,24;2;2;2
2020-08-10;12;158;29,66;4686,28;0,06;0;3;1
2020-08-10;13;137;43,88;6011,56;0,14;1;1;2
2020-08-10;14;171;24,03;4109,13;0,09;3;3;3
2020-08-10;15;166;21,23;3524,18;0,10;1;3;2
2020-08-10;16;162;46,54;7539,48;0,11;2;3;3
2020-08-17;1;163;53,32;8691,16;0,01;2;2;3
2020-08-17;2;135;37,43;5053,05;0,10;1;1;3
2020-08-17;3;156;16,65;2597,4;0,04;4;1;3
2020-08-17;4;145;34,19;4957,55;0,10;1;3;1
2020-08-17;5;153;18,07;2764,71;0,12;2;2;1
2020-08-17;6;152;47,11;7160,72;0,01;1;2;2
2020-08-17;7;161;23,06;3712,66;0,17;2;1;1
2020-08-17;8;162;40,51;6562,62;0,12;0;1;2
2020-08-17;9;141;39,96;5634,36;0,13;1;3;2
2020-08-17;10;142;11,20;1590,4;0,15;3;1;3
2020-08-17;11;137;14,57;1996,09;0,16;1;3;1
2020-08-17;12;147;54,83;8060,01;0,05;0;1;1
2020-08-17;13;165;54,53;8997,45;0,15;3;2;3
2020-08-17;14;147;55,65;8180,55;0,14;0;1;1
2020-08-17;15;141;22,34;3149,94;0,08;1;1;3
2020-08-17;16;153;40,77;6237,81;0,02;0;2;3
2020-08-24;1;137;20,70;2835,9;0,07;1;2;3
2020-08-24;2;162;42,47;6880,14;0,17;3;2;2
2020-08-24;3;173;17,69;3060,37;0,22;1;1;2
2020-08-24;4;152;43,95;6680,4;0,23;6;2;2
2020-08-24;5;158;53,99;8530,42;0,01;1;3;3
2020-08-24;6;168;21,03;3533,04;0,03;3;2;2
2020-08-24;7;150;21,95;3292,5;0,19;2;1;3
2020-08-24;8;143;20,48;2928,64;0,24;2;2;3
2020-08-24;9;174;49,09;8541,66;0,19;2;1;3
2020-08-24;10;134;46,47;6226,98;0,14;0;3;1
2020-08-24;11;150;31,37;4705,5;0,16;2;3;2
2020-08-24;12;140;23,46;3284,4;0,05;2;3;3
2020-08-24;13;170;47,56;8085,2;0,22;3;3;2
2020-08-24;14;146;13,12;1915,52;0,12;0;1;1
2020-08-24;15;140;50,44;7061,6;0,22;1;1;3
2020-08-24;16;165;48,23;7957,95;0,04;2;3;1
2020-08-31;1;176;26,58;4678,08;0,13;2;3;1
2020-08-31;2;150;25,60;3840;0,20;3;3;2
2020-08-31;3;144;47,59;6852,96;0,20;4;2;2
2020-08-31;4;143;16,58;2370,94;0,18;2;2;2
2020-08-31;5;156;53,65;8369,4;0,04;0;2;2
2020-08-31;6;158;52,45;8287,1;0,10;0;1;2
2020-08-31;7;164;19,46;3191,44;0,18;2;1;1
2020-08-31;8;154;51,44;7921,76;0,21;2;2;1
2020-08-31;9;132;43,55;5748,6;0,17;1;2;1
2020-08-31;10;167;15,63;2610,21;0,10;3;3;3
2020-08-31;11;156;23,53;3670,68;0,06;4;1;3
2020-08-31;12;142;29,66;4211,72;0,03;0;3;3
2020-08-31;13;151;28,46;4297,46;0,09;1;3;2
2020-08-31;14;151;54,00;8154;0,13;1;3;3
2020-08-31;15;140;43,16;6042,4;0,15;1;1;3
2020-08-31;16;147;19,79;2909,13;0,21;2;1;2
2020-09-07;1;147;22,83;3356,01;0,19;1;2;2
2020-09-07;2;143;59,79;8549,97;0,11;3;3;3
2020-09-07;3;144;20,21;2910,24;0,10;0;1;3
2020-09-07;4;164;18,39;3015,96;0,03;0;3;2
2020-09-07;5;147;35,62;5236,14;0,09;1;2;3
2020-09-07;6;154;15,53;2391,62;0,01;5;1;1
2020-09-07;7;140;19,49;2728,6;0,01;1;3;3
2020-09-07;8;162;32,21;5218,02;0,17;1;3;1
2020-09-07;9;165;10,50;1732,5;0,19;1;3;2
2020-09-07;10;140;59,61;8345,4;0,21;0;3;3
2020-09-07;11;158;10,35;1635,3;0,10;1;3;1
2020-09-07;12;163;51,38;8374,94;0,00;1;1;1
2020-09-07;13;140;13,41;1877,4;0,05;1;3;2
2020-09-07;14;142;28,84;4095,28;0,22;3;3;2
2020-09-07;15;150;15,34;2301;0,24;0;3;2
2020-09-07;16;142;26,02;3694,84;0,04;2;1;2
2020-09-14;1;133;16,19;2153,27;0,02;3;3;2
2020-09-14;2;138;37,23;5137,74;0,02;4;2;1
2020-09-14;3;140;18,44;2581,6;0,21;0;2;3
2020-09-14;4;150;56,74;8511;0,23;3;2;1
2020-09-14;5;167;24,21;4043,07;0,07;1;2;1
2020-09-14;6;146;17,99;2626,54;0,17;0;1;1
2020-09-14;7;143;49,82;7124,26;0,18;2;3;3
2020-09-14;8;136;14,37;1954,32;0,09;1;1;1
2020-09-14;9;118;57,78;6818,04;0,24;1;3;2
2020-09-14;10;120;29,61;3553,2;0,24;0;2;2
2020-09-14;11;160;59,06;9449,6;0,10;2;1;2
2020-09-14;12;144;19,60;2822,4;0,04;3;3;2
2020-09-14;13;171;41,27;7057,17;0,20;0;3;2
2020-09-14;14;144;41,78;6016,32;0,09;0;2;3
2020-09-14;15;153;29,11;4453,83;0,03;0;2;3
2020-09-14;16;140;42,14;5899,6;0,15;2;2;1
2020-09-21;1;145;20,20;2929;0,12;2;1;3
2020-09-21;2;137;54,18;7422,66;0,09;2;1;2
2020-09-21;3;143;40,49;5790,07;0,06;1;3;1
2020-09-21;4;129;24,90;3212,1;0,02;3;1;2
2020-09-21;5;133;56,30;7487,9;0,04;4;2;1
2020-09-21;6;138;37,33;5151,54;0,22;1;3;2
2020-09-21;7;151;18,31;2764,81;0,23;1;2;1
2020-09-21;8;145;26,94;3906,3;0,24;2;3;3
2020-09-21;9;153;12,48;1909,44;0,06;1;3;3
2020-09-21;10;139;55,96;7778,44;0,11;1;1;3
2020-09-21;11;182;34,45;6269,9;0,09;4;3;1
2020-09-21;12;152;50,59;7689,68;0,09;1;2;1
2020-09-21;13;164;49,70;8150,8;0,24;2;3;2
2020-09-21;14;159;52,25;8307,75;0,10;0;2;1
2020-09-21;15;146;32,52;4747,92;0,19;1;2;2
2020-09-21;16;155;47,47;7357,85;0,14;0;2;3
2020-09-28;1;142;34,13;4846,46;0,05;4;2;3
2020-09-28;2;147;54,90;8070,3;0,13;2;1;2
2020-09-28;3;141;16,17;2279,97;0,05;0;2;2
2020-09-28;4;140;51,95;7273;0,14;0;2;2
2020-09-28;5;158;46,56;7356,48;0,19;4;1;2
2020-09-28;6;153;42,42;6490,26;0,02;3;2;2
2020-09-28;7;133;50,79;6755,07;0,15;1;2;1
2020-09-28;8;149;27,00;4023;0,22;0;3;3
2020-09-28;9;161;19,09;3073,49;0,11;0;1;3
2020-09-28;10;158;41,77;6599,66;0,05;1;2;1
2020-09-28;11;119;37,99;4520,81;0,21;2;2;1
2020-09-28;12;148;45,96;6802,08;0,23;1;3;2
2020-09-28;13;141;46,30;6528,3;0,03;1;2;2
2020-09-28;14;151;40,03;6044,53;0,04;1;1;3
2020-09-28;15;158;48,11;7601,38;0,15;0;3;3
2020-09-28;16;156;40,12;6258,72;0,12;1;1;1
2020-10-05;1;144;19,88;2862,72;0,20;0;3;3
2020-10-05;2;130;42,92;5579,6;0,11;1;3;2
2020-10-05;3;152;56,64;8609,28;0,23;1;2;3
2020-10-05;4;144;11,84;1704,96;0,12;1;1;3
2020-10-05;5;171;37,64;6436,44;0,19;1;2;3
2020-10-05;6;130;35,90;4667;0,15;0;2;1
2020-10-05;7;149;13,74;2047,26;0,03;3;3;2
2020-10-05;8;140;35,25;4935;0,19;0;2;3
2020-10-05;9;153;11,82;1808,46;0,01;3;3;3
2020-10-05;10;133;31,89;4241,37;0,21;0;3;3
2020-10-05;11;147;32,45;4770,15;0,14;2;3;1
2020-10-05;12;144;15,33;2207,52;0,09;0;1;2
2020-10-05;13;154;24,26;3736,04;0,16;1;2;1
2020-10-05;14;149;24,10;3590,9;0,08;3;2;3
2020-10-05;15;124;55,64;6899,36;0,15;1;2;3
2020-10-05;16;140;52,60;7364;0,14;1;3;3
2020-10-12;1;131;58,18;7621,58;0,09;1;3;1
2020-10-12;2;129;56,63;7305,27;0,14;0;1;3
2020-10-12;3;153;30,32;4638,96;0,22;2;2;1
2020-10-12;4;168;16,56;2782,08;0,08;1;3;3
2020-10-12;5;170;43,82;7449,4;0,08;1;1;1
2020-10-12;6;160;21,29;3406,4;0,15;0;1;3
2020-10-12;7;144;17,40;2505,6;0,25;0;2;3
2020-10-12;8;134;48,45;6492,3;0,11;1;1;1
2020-10-12;9;148;54,26;8030,48;0,02;1;2;3
2020-10-12;10;170;51,48;8751,6;0,03;4;3;2
2020-10-12;11;156;56,91;8877,96;0,07;1;1;2
2020-10-12;12;157;56,47;8865,79;0,05;3;1;3
2020-10-12;13;159;29,36;4668,24;0,07;1;2;1
2020-10-12;14;146;31,73;4632,58;0,22;0;3;3
2020-10-12;15;177;26,31;4656,87;0,19;1;2;3
2020-10-12;16;154;47,12;7256,48;0,06;0;3;2
2020-10-19;1;143;18,40;2631,2;0,09;1;1;1
2020-10-19;2;124;54,22;6723,28;0,04;1;2;1
2020-10-19;3;156;45,05;7027,8;0,10;1;2;3
2020-10-19;4;156;28,41;4431,96;0,24;1;2;2
2020-10-19;5;150;45,86;6879;0,15;2;3;3
2020-10-19;6;166;33,76;5604,16;0,10;4;2;1
2020-10-19;7;157;53,15;8344,55;0,12;0;2;3
2020-10-19;8;152;53,89;8191,28;0,05;3;3;1
2020-10-19;9;152;58,59;8905,68;0,13;1;3;2
2020-10-19;10;149;25,25;3762,25;0,05;0;3;2
2020-10-19;11;142;33,58;4768,36;0,06;0;2;3
2020-10-19;12;144;27,15;3909,6;0,25;1;3;3
2020-10-19;13;137;33,02;4523,74;0,18;4;1;3
2020-10-19;14;122;46,02;5614,44;0,07;0;2;2
2020-10-19;15;118;48,72;5748,96;0,03;1;2;3
2020-10-19;16;154;11,36;1749,44;0,20;0;1;3
2020-10-26;1;148;33,85;5009,8;0,10;3;2;3
2020-10-26;2;168;40,75;6846;0,23;4;3;2
2020-10-26;3;150;23,93;3589,5;0,24;0;3;3
2020-10-26;4;153;23,95;3664,35;0,10;6;1;1
2020-10-26;5;124;14,13;1752,12;0,04;1;2;2
2020-10-26;6;150;25,82;3873;0,02;1;1;1
2020-10-26;7;144;55,48;7989,12;0,00;2;3;1
2020-10-26;8;177;18,07;3198,39;0,24;2;3;3
2020-10-26;9;148;46,66;6905,68;0,25;1;3;2
2020-10-26;10;151;30,28;4572,28;0,04;4;1;2
2020-10-26;11;165;40,16;6626,4;0,06;2;3;3
2020-10-26;12;157;59,51;9343,07;0,15;1;1;3
2020-10-26;13;160;29,23;4676,8;0,09;1;2;3
2020-10-26;14;161;49,70;8001,7;0,14;1;2;2
2020-10-26;15;162;21,22;3437,64;0,13;1;2;2
2020-10-26;16;150;58,35;8752,5;0,14;3;2;3
2020-11-02;1;135;53,40;7209;0,15;2;1;2
2020-11-02;2;145;32,90;4770,5;0,10;3;2;3
2020-11-02;3;181;27,40;4959,4;0,22;5;2;3
2020-11-02;4;148;36,30;5372,4;0,17;1;1;1
2020-11-02;5;159;12,46;1981,14;0,10;1;1;1
2020-11-02;6;143;26,04;3723,72;0,05;1;3;3
2020-11-02;7;148;59,17;8757,16;0,06;2;1;2
2020-11-02;8;158;14,43;2279,94;0,17;0;3;3
2020-11-02;9;153;20,55;3144,15;0,21;0;1;2
2020-11-02;10;164;20,88;3424,32;0,03;4;3;1
2020-11-02;11;128;27,39;3505,92;0,16;1;3;2
2020-11-02;12;134;21,94;2939,96;0,05;1;2;3
2020-11-02;13;157;28,33;4447,81;0,10;4;1;1
2020-11-02;14;140;25,85;3619;0,07;1;3;2
2020-11-02;15;164;44,36;7275,04;0,08;0;2;2
2020-11-02;16;157;30,46;4782,22;0,08;2;2;2
2020-11-09;1;160;50,58;8092,8;0,07;1;1;2
2020-11-09;2;158;59,37;9380,46;0,06;2;3;3
2020-11-09;3;154;17,82;2744,28;0,19;2;2;1
2020-11-09;4;142;26,69;3789,98;0,14;3;1;2
2020-11-09;5;152;35,94;5462,88;0,01;1;1;2
2020-11-09;6;150;19,09;2863,5;0,13;1;1;2
2020-11-09;7;141;16,66;2349,06;0,23;3;2;2
2020-11-09;8;158;48,79;7708,82;0,20;2;2;2
2020-11-09;9;133;51,72;6878,76;0,14;2;2;3
2020-11-09;10;148;11,72;1734,56;0,16;0;3;3
2020-11-09;11;148;37,27;5515,96;0,03;2;2;1
2020-11-09;12;161;15,22;2450,42;0,04;3;1;3
2020-11-09;13;151;15,34;2316,34;0,16;3;1;3
2020-11-09;14;163;13,76;2242,88;0,03;0;2;2
2020-11-09;15;141;23,00;3243;0,10;3;3;2
2020-11-09;16;154;45,52;7010,08;0,03;2;1;3
2020-11-16;1;142;27,05;3841,1;0,25;1;2;1
2020-11-16;2;142;11,23;1594,66;0,17;2;1;2
2020-11-16;3;194;51,09;9911,46;0,16;2;3;3
2020-11-16;4;134;59,12;7922,08;0,23;1;2;3
2020-11-16;5;118;51,32;6055,76;0,18;1;2;3
2020-11-16;6;124;33,45;4147,8;0,23;1;1;3
2020-11-16;7;143;13,30;1901,9;0,24;1;1;2
2020-11-16;8;149;44,13;6575,37;0,17;2;1;1
2020-11-16;9;141;16,26;2292,66;0,16;0;3;3
2020-11-16;10;153;54,54;8344,62;0,11;1;2;1
2020-11-16;11;128;51,06;6535,68;0,06;1;3;3
2020-11-16;12;140;19,62;2746,8;0,03;3;1;2
2020-11-16;13;163;12,44;2027,72;0,21;1;2;3
2020-11-16;14;144;14,57;2098,08;0,19;2;1;3
2020-11-16;15;137;19,21;2631,77;0,01;1;1;1
2020-11-16;16;164;12,45;2041,8;0,14;3;2;3
2020-11-23;1;144;39,82;5734,08;0,07;0;2;2
2020-11-23;2;159;39,04;6207,36;0,19;2;2;3
2020-11-23;3;138;16,31;2250,78;0,03;2;2;1
2020-11-23;4;155;15,28;2368,4;0,20;2;3;1
2020-11-23;5;154;45,16;6954,64;0,21;0;1;2
2020-11-23;6;159;24,31;3865,29;0,16;1;3;2
2020-11-23;7;181;38,99;7057,19;0,04;2;2;2
2020-11-23;8;137;34,72;4756,64;0,23;0;1;1
2020-11-23;9;135;35,03;4729,05;0,23;0;1;3
2020-11-23;10;155;17,84;2765,2;0,17;2;2;2
2020-11-23;11;160;32,40;5184;0,10;5;3;2
2020-11-23;12;142;27,73;3937,66;0,14;1;2;2
2020-11-23;13;170;54,79;9314,3;0,03;2;2;2
2020-11-23;14;169;58,42;9872,98;0,11;4;1;2
2020-11-23;15;156;19,42;3029,52;0,08;0;3;2
2020-11-23;16;135;31,15;4205,25;0,20;0;2;1
2020-11-30;1;134;19,86;2661,24;0,02;0;1;1
2020-11-30;2;172;27,70;4764,4;0,16;2;2;3
2020-11-30;3;156;41,44;6464,64;0,07;0;1;2
2020-11-30;4;148;38,47;5693,56;0,21;5;1;2
2020-11-30;5;136;43,71;5944,56;0,24;4;1;3
2020-11-30;6;157;49,93;7839,01;0,03;2;1;3
2020-11-30;7;170;41,53;7060,1;0,11;1;2;2
2020-11-30;8;143;56,81;8123,83;0,24;0;2;3
2020-11-30;9;166;22,64;3758,24;0,02;1;2;2
2020-11-30;10;170;46,05;7828,5;0,06;2;3;1
2020-11-30;11;154;51,15;7877,1;0,06;2;2;1
2020-11-30;12;147;15,37;2259,39;0,00;3;1;1
2020-11-30;13;141;59,97;8455,77;0,05;1;1;3
2020-11-30;14;170;49,76;8459,2;0,03;5;3;1
2020-11-30;15;184;24,97;4594,48;0,03;1;1;1
2020-11-30;16;163;14,42;2350,46;0,09;5;3;2
2020-12-07;1;155;18,33;2841,15;0,25;3;3;1
2020-12-07;2;142;12,83;1821,86;0,03;1;2;3
2020-12-07;3;172;52,15;8969,8;0,11;2;3;2
2020-12-07;4;159;28,06;4461,54;0,16;0;1;1
2020-12-07;5;145;59,81;8672,45;0,12;2;3;2
2020-12-07;6;148;39,77;5885,96;0,22;1;1;3
2020-12-07;7;154;30,87;4753,98;0,04;0;1;2
2020-12-07;8;140;46,80;6552;0,08;1;2;3
2020-12-07;9;147;17,19;2526,93;0,00;0;1;2
2020-12-07;10;153;35,90;5492,7;0,00;1;2;1
2020-12-07;11;158;46,61;7364,38;0,06;3;2;2
2020-12-07;12;153;21,84;3341,52;0,16;3;3;3
2020-12-07;13;147;53,35;7842,45;0,17;1;1;1
2020-12-07;14;150;41,34;6201;0,09;5;1;3
2020-12-07;15;149;38,29;5705,21;0,23;2;1;2
2020-12-07;16;148;39,31;5817,88;0,12;0;2;1
2020-12-14;1;149;55,74;8305,26;0,08;4;2;3
2020-12-14;2;151;37,15;5609,65;0,03;1;3;2
2020-12-14;3;131;32,34;4236,54;0,19;0;1;2
2020-12-14;4;136;56,33;7660,88;0,18;1;2;2
2020-12-14;5;151;59,23;8943,73;0,17;1;1;3
2020-12-14;6;153;58,29;8918,37;0,04;2;3;1
2020-12-14;7;140;48,84;6837,6;0,17;2;3;2
2020-12-14;8;168;26,55;4460,4;0,06;5;2;1
2020-12-14;9;146;44,24;6459,04;0,05;1;2;1
2020-12-14;10;142;21,72;3084,24;0,00;3;2;3
2020-12-14;11;185;26,93;4982,05;0,00;2;3;2
2020-12-14;12;163;17,98;2930,74;0,20;2;1;3
2020-12-14;13;143;48,49;6934,07;0,20;1;3;3
2020-12-14;14;177;48,59;8600,43;0,12;4;1;3
2020-12-14;15;169;56,82;9602,58;0,21;3;2;3
2020-12-14;16;138;52,51;7246,38;0,07;4;3;2
2020-12-21;1;122;36,88;4499,36;0,14;1;1;3
2020-12-21;2;120;10,70;1284;0,14;3;1;1
2020-12-21;3;156;10,66;1662,96;0,14;1;2;1
2020-12-21;4;150;44,22;6633;0,13;2;3;1
2020-12-21;5;149;42,41;6319,09;0,04;3;3;1
2020-12-21;6;154;58,12;8950,48;0,13;0;2;2
2020-12-21;7;154;50,18;7727,72;0,20;4;2;3
2020-12-21;8;150;47,67;7150,5;0,03;1;1;3
2020-12-21;9;152;30,90;4696,8;0,21;3;3;2
2020-12-21;10;131;23,13;3030,03;0,22;0;1;3
2020-12-21;11;158;41,16;6503,28;0,09;2;3;3
2020-12-21;12;140;21,78;3049,2;0,18;3;1;2
2020-12-21;13;134;39,68;5317,12;0,03;1;2;3
2020-12-21;14;136;47,94;6519,84;0,03;1;3;1
2020-12-21;15;150;36,78;5517;0,10;3;2;2
2020-12-21;16;150;34,52;5178;0,21;3;2;2
2020-12-28;1;146;34,60;5051,6;0,14;1;3;2
2020-12-28;2;161;26,70;4298,7;0,03;1;2;2
2020-12-28;3;177;18,44;3263,88;0,12;1;1;3
2020-12-28;4;151;27,83;4202,33;0,11;4;3;2
2020-12-28;5;146;22,17;3236,82;0,11;2;1;1
2020-12-28;6;138;11,06;1526,28;0,10;2;2;3
2020-12-28;7;144;20,25;2916;0,19;0;3;3
2020-12-28;8;165;53,72;8863,8;0,09;2;3;2
2020-12-28;9;143;16,33;2335,19;0,04;1;1;2
2020-12-28;10;129;57,19;7377,51;0,24;1;1;1
2020-12-28;11;172;23,49;4040,28;0,18;2;2;2
2020-12-28;12;156;15,68;2446,08;0,00;7;2;1
2020-12-28;13;162;35,49;5749,38;0,08;0;3;2
2020-12-28;14;142;47,82;6790,44;0,13;0;3;2
2020-12-28;15;147;41,87;6154,89;0,20;1;3;1
2020-12-28;16;145;53,80;7801;0,20;0;3;3
2021-01-04;1;150;41,25;6187,5;0,24;2;2;3
2021-01-04;2;151;13,15;1985,65;0,05;0;1;3
2021-01-04;3;159;16,80;2671,2;0,21;0;2;2
2021-01-04;4;143;28,62;4092,66;0,06;1;3;3
2021-01-04;5;147;12,80;1881,6;0,04;0;2;3
2021-01-04;6;154;51,82;7980,28;0,13;1;2;3
2021-01-04;7;152;19,88;3021,76;0,08;2;3;1
2021-01-04;8;139;58,51;8132,89;0,01;2;3;3
2021-01-04;9;161;16,78;2701,58;0,04;2;2;3
2021-01-04;10;155;56,87;8814,85;0,17;0;1;1
2021-01-04;11;140;20,47;2865,8;0,02;2;3;2
2021-01-04;12;146;42,51;6206,46;0,02;4;2;2
2021-01-04;13;141;30,11;4245,51;0,01;1;3;3
2021-01-04;14;133;27,54;3662,82;0,19;2;2;2
2021-01-04;15;136;28,67;3899,12;0,04;2;2;1
2021-01-04;16;158;28,34;4477,72;0,03;2;1;3
2021-01-11;1;161;38,93;6267,73;0,23;2;3;3
2021-01-11;2;137;52,16;7145,92;0,16;2;2;2
2021-01-11;3;171;37,21;6362,91;0,19;3;1;1
2021-01-11;4;154;49,87;7679,98;0,18;0;2;3
2021-01-11;5;149;26,87;4003,63;0,00;1;1;2
2021-01-11;6;152;43,17;6561,84;0,21;0;1;1
2021-01-11;7;133;17,83;2371,39;0,24;2;1;1
2021-01-11;8;131;41,91;5490,21;0,09;3;2;3
2021-01-11;9;126;39,54;4982,04;0,16;0;1;1
2021-01-11;10;145;19,75;2863,75;0,21;1;3;3
2021-01-11;11;160;20,38;3260,8;0,14;3;3;3
2021-01-11;12;148;32,61;4826,28;0,04;1;3;2
2021-01-11;13;178;53,40;9505,2;0,22;1;1;1
2021-01-11;14;129;25,58;3299,82;0,20;1;3;1
2021-01-11;15;149;29,12;4338,88;0,11;1;3;3
2021-01-11;16;145;50,44;7313,8;0,09;1;3;2
2021-01-18;1;156;23,88;3725,28;0,23;2;1;1
2021-01-18;2;153;11,46;1753,38;0,15;1;3;1
2021-01-18;3;152;14,07;2138,64;0,05;4;3;2
2021-01-18;4;147;12,64;1858,08;0,01;2;2;3
2021-01-18;5;151;22,16;3346,16;0,19;0;1;2
2021-01-18;6;138;24,31;3354,78;0,06;2;3;3
2021-01-18;7;155;30,89;4787,95;0,02;1;2;1
2021-01-18;8;158;35,91;5673,78;0,01;2;2;3
2021-01-18;9;151;57,25;8644,75;0,17;0;1;2
2021-01-18;10;149;33,49;4990,01;0,11;2;3;1
2021-01-18;11;145;35,19;5102,55;0,21;2;3;2
2021-01-18;12;144;55,61;8007,84;0,05;0;1;2
2021-01-18;13;159;58,39;9284,01;0,22;2;2;3
2021-01-18;14;151;22,33;3371,83;0,11;2;3;1
2021-01-18;15;152;23,99;3646,48;0,14;0;3;1
2021-01-18;16;147;44,67;6566,49;0,25;1;2;3
2021-01-25;1;150;32,03;4804,5;0,21;2;1;3
2021-01-25;2;167;53,67;8962,89;0,01;3;2;2
2021-01-25;3;144;35,60;5126,4;0,24;0;2;1
2021-01-25;4;145;29,80;4321;0,05;1;2;2
2021-01-25;5;146;48,10;7022,6;0,13;5;3;2
2021-01-25;6;149;23,11;3443,39;0,11;0;3;3
2021-01-25;7;177;23,41;4143,57;0,15;2;1;3
2021-01-25;8;150;38,11;5716,5;0,14;0;2;1
2021-01-25;9;134;23,44;3140,96;0,01;2;1;2
2021-01-25;10;151;34,21;5165,71;0,02;1;3;1
2021-01-25;11;147;55,33;8133,51;0,05;2;2;2
2021-01-25;12;147;27,36;4021,92;0,07;2;2;3
2021-01-25;13;177;50,57;8950,89;0,01;2;3;1
2021-01-25;14;160;51,19;8190,4;0,16;4;3;2
2021-01-25;15;151;36,41;5497,91;0,03;2;3;3
2021-01-25;16;149;10,50;1564,5;0,05;1;1;3
2021-02-01;1;178;31,22;5557,16;0,18;2;1;2
2021-02-01;2;143;20,88;2985,84;0,24;0;2;1
2021-02-01;3;145;21,09;3058,05;0,20;0;2;2
2021-02-01;4;129;10,50;1354,5;0,02;2;2;3
2021-02-01;5;165;12,62;2082,3;0,20;3;2;3
2021-02-01;6;162;21,65;3507,3;0,21;2;3;3
2021-02-01;7;139;49,63;6898,57;0,05;0;1;1
2021-02-01;8;164;52,08;8541,12;0,14;3;3;3
2021-02-01;9;172;13,77;2368,44;0,06;2;3;1
2021-02-01;10;167;40,35;6738,45;0,05;3;1;1
2021-02-01;11;186;34,74;6461,64;0,02;2;1;1
2021-02-01;12;150;32,10;4815;0,08;1;2;1
2021-02-01;13;153;48,05;7351,65;0,18;1;2;1
2021-02-01;14;179;26,18;4686,22;0,05;2;1;3
2021-02-01;15;136;44,85;6099,6;0,14;1;3;2
2021-02-01;16;147;10,29;1512,63;0,02;3;1;2
2021-02-08;1;129;56,00;7224;0,07;1;2;1
2021-02-08;2;152;57,10;8679,2;0,18;0;1;3
2021-02-08;3;156;33,54;5232,24;0,01;0;1;3
2021-02-08;4;161;25,08;4037,88;0,10;3;3;1
2021-02-08;5;159;15,88;2524,92;0,06;3;1;1
2021-02-08;6;153;39,82;6092,46;0,09;3;2;3
2021-02-08;7;151;16,45;2483,95;0,13;4;3;1
2021-02-08;8;143;48,20;6892,6;0,06;0;2;2
2021-02-08;9;131;19,98;2617,38;0,09;1;1;2
2021-02-08;10;158;30,32;4790,56;0,12;2;1;1
2021-02-08;11;163;50,39;8213,57;0,17;2;3;3
2021-02-08;12;157;16,92;2656,44;0,17;1;3;1
2021-02-08;13;155;55,34;8577,7;0,15;0;1;2
2021-02-08;14;148;49,71;7357,08;0,12;3;2;1
2021-02-08;15;141;54,93;7745,13;0,22;2;3;3
2021-02-08;16;165;53,25;8786,25;0,08;0;2;3
2021-02-15;1;140;22,56;3158,4;0,08;0;3;1
2021-02-15;2;142;32,09;4556,78;0,09;2;1;3
2021-02-15;3;168;26,60;4468,8;0,19;0;2;1
2021-02-15;4;134;50,39;6752,26;0,06;0;3;2
2021-02-15;5;134;41,69;5586,46;0,06;1;2;1
2021-02-15;6;151;21,66;3270,66;0,22;1;1;2
2021-02-15;7;157;28,63;4494,91;0,09;2;1;3
2021-02-15;8;128;20,89;2673,92;0,17;2;2;2
2021-02-15;9;152;43,09;6549,68;0,09;3;1;1
2021-02-15;10;142;47,27;6712,34;0,09;1;1;1
2021-02-15;11;149;56,50;8418,5;0,14;2;2;2
2021-02-15;12;169;21,60;3650,4;0,18;3;3;3
2021-02-15;13;165;14,47;2387,55;0,11;1;3;1
2021-02-15;14;142;13,78;1956,76;0,21;1;1;1
2021-02-15;15;153;26,87;4111,11;0,02;4;1;3
2021-02-15;16;162;21,18;3431,16;0,23;1;3;3
2021-02-22;1;136;57,19;7777,84;0,00;0;1;1
2021-02-22;2;174;15,66;2724,84;0,14;3;2;3
2021-02-22;3;156;59,64;9303,84;0,10;1;3;2
2021-02-22;4;152;14,32;2176,64;0,00;1;1;3
2021-02-22;5;164;59,96;9833,44;0,07;1;2;1
2021-02-22;6;136;24,26;3299,36;0,20;3;2;3
2021-02-22;7;167;15,64;2611,88;0,22;2;3;1
2021-02-22;8;136;24,36;3312,96;0,18;1;2;1
2021-02-22;9;145;35,16;5098,2;0,08;2;2;1
2021-02-22;10;162;37,53;6079,86;0,21;1;3;3
2021-02-22;11;146;33,37;4872,02;0,07;4;3;1
2021-02-22;12;143;36,34;5196,62;0,01;0;1;3
2021-02-22;13;139;31,66;4400,74;0,20;2;2;3
2021-02-22;14;147;25,82;3795,54;0,19;0;2;1
2021-02-22;15;149;21,78;3245,22;0,23;3;2;3
2021-02-22;16;158;36,02;5691,16;0,24;4;2;2
2021-03-01;1;139;19,86;2760,54;0,05;2;1;1
2021-03-01;2;147;14,45;2124,15;0,13;3;3;3
2021-03-01;3;169;28,33;4787,77;0,15;0;2;2
2021-03-01;4;136;14,27;1940,72;0,23;0;2;1
2021-03-01;5;147;39,95;5872,65;0,02;0;1;3
2021-03-01;6;173;49,06;8487,38;0,00;1;2;1
2021-03-01;7;155;55,48;8599,4;0,16;0;1;3
2021-03-01;8;128;25,17;3221,76;0,10;0;2;1
2021-03-01;9;153;35,15;5377,95;0,02;2;3;2
2021-03-01;10;144;31,73;4569,12;0,05;0;1;1
2021-03-01;11;160;48,36;7737,6;0,05;1;2;1
2021-03-01;12;149;56,59;8431,91;0,05;1;2;2
2021-03-01;13;135;33,03;4459,05;0,23;3;1;2
2021-03-01;14;146;54,81;8002,26;0,20;0;3;1
2021-03-01;15;143;21,49;3073,07;0,05;0;2;1
2021-03-01;16;155;12,62;1956,1;0,06;3;1;1
2021-03-08;1;165;30,80;5082;0,24;1;2;2
2021-03-08;2;139;18,64;2590,96;0,09;3;3;2
2021-03-08;3;154;56,72;8734,88;0,01;0;2;3
2021-03-08;4;152;11,98;1820,96;0,10;2;2;1
2021-03-08;5;157;26,03;4086,71;0,02;1;3;3
2021-03-08;6;149;48,32;7199,68;0,12;1;2;2
2021-03-08;7;162;43,65;7071,3;0,01;2;2;1
2021-03-08;8;160;21,43;3428,8;0,22;0;2;3
2021-03-08;9;159;32,34;5142,06;0,00;3;3;2
2021-03-08;10;145;43,87;6361,15;0,18;4;2;2
2021-03-08;11;151;57,69;8711,19;0,16;1;2;3
2021-03-08;12;134;28,11;3766,74;0,17;1;3;3
2021-03-08;13;138;13,03;1798,14;0,10;1;3;3
2021-03-08;14;148;51,40;7607,2;0,19;0;2;2
2021-03-08;15;138;56,74;7830,12;0,21;3;3;3
2021-03-08;16;143;33,54;4796,22;0,04;0;1;3
2021-03-15;1;177;22,00;3894;0,02;4;3;2
2021-03-15;2;153;55,58;8503,74;0,09;2;2;1
2021-03-15;3;118;51,56;6084,08;0,19;1;1;3
2021-03-15;4;146;10,01;1461,46;0,06;0;3;3
2021-03-15;5;141;23,98;3381,18;0,05;1;1;1
2021-03-15;6;166;13,93;2312,38;0,09;2;2;3
2021-03-15;7;152;57,98;8812,96;0,20;2;3;2
2021-03-15;8;150;59,22;8883;0,10;0;1;3
2021-03-15;9;156;39,29;6129,24;0,15;1;2;1
2021-03-15;10;164;32,43;5318,52;0,13;2;1;2
2021-03-15;11;161;42,30;6810,3;0,04;4;2;2
2021-03-15;12;146;11,02;1608,92;0,05;1;1;2
2021-03-15;13;167;56,49;9433,83;0,12;1;3;3
2021-03-15;14;133;22,35;2972,55;0,22;3;2;1
2021-03-15;15;176;43,85;7717,6;0,19;0;2;2
2021-03-15;16;154;34,88;5371,52;0,04;0;1;3
2021-03-22;1;145;41,16;5968,2;0,02;1;2;1
2021-03-22;2;137;41,87;5736,19;0,14;2;3;1
2021-03-22;3;144;31,64;4556,16;0,12;2;2;2
2021-03-22;4;154;14,29;2200,66;0,02;3;2;1
2021-03-22;5;157;27,84;4370,88;0,15;3;2;2
2021-03-22;6;120;54,49;6538,8;0,00;0;2;1
2021-03-22;7;141;11,41;1608,81;0,06;3;1;1
2021-03-22;8;147;55,91;8218,77;0,10;0;1;2
2021-03-22;9;151;50,22;7583,22;0,02;2;3;2
2021-03-22;10;152;16,12;2450,24;0,13;3;2;1
2021-03-22;11;147;13,52;1987,44;0,07;1;2;3
2021-03-22;12;176;33,04;5815,04;0,17;0;1;3
2021-03-22;13;149;53,34;7947,66;0,16;2;2;1
2021-03-22;14;134;16,63;2228,42;0,19;1;1;2
2021-03-22;15;173;47,69;8250,37;0,05;1;2;3
2021-03-22;16;154;15,20;2340,8;0,24;3;3;2
2021-03-29;1;141;35,92;5064,72;0,12;1;1;2
2021-03-29;2;153;30,55;4674,15;0,16;2;1;1
2021-03-29;3;158;52,99;8372,42;0,11;1;3;2
2021-03-29;4;140;54,34;7607,6;0,09;2;2;1
2021-03-29;5;131;59,58;7804,98;0,19;0;2;1
2021-03-29;6;150;30,48;4572;0,20;2;2;3
2021-03-29;7;140;39,63;5548,2;0,09;1;3;3
2021-03-29;8;154;34,32;5285,28;0,13;0;2;2
2021-03-29;9;162;16,55;2681,1;0,19;4;1;1
2021-03-29;10;177;16,78;2970,06;0,13;0;3;3
2021-03-29;11;173;22,64;3916,72;0,10;1;1;1
2021-03-29;12;161;18,54;2984,94;0,07;1;2;3
2021-03-29;13;135;38,29;5169,15;0,18;3;2;3
2021-03-29;14;140;25,11;3515,4;0,22;4;3;3
2021-03-29;15;165;57,37;9466,05;0,11;0;2;3
2021-03-29;16;148;37,19;5504,12;0,08;1;3;2
2021-04-05;1;154;43,10;6637,4;0,11;3;2;2
2021-04-05;2;169;36,60;6185,4;0,07;0;1;3
2021-04-05;3;156;18,15;2831,4;0,20;3;2;2
2021-04-05;4;170;55,20;9384;0,08;2;1;2
2021-04-05;5;123;46,02;5660,46;0,11;0;2;2
2021-04-05;6;138;10,02;1382,76;0,20;0;1;1
2021-04-05;7;138;34,24;4725,12;0,09;1;1;1
2021-04-05;8;166;14,73;2445,18;0,19;2;3;3
2021-04-05;9;152;17,02;2587,04;0,16;0;1;3
2021-04-05;10;150;24,18;3627;0,24;3;2;3
2021-04-05;11;158;15,31;2418,98;0,12;0;1;2
2021-04-05;12;149;41,97;6253,53;0,03;1;1;3
2021-04-05;13;142;12,03;1708,26;0,23;3;2;2
2021-04-05;14;142;11,56;1641,52;0,24;1;2;2
2021-04-05;15;143;13,32;1904,76;0,25;0;1;3
2021-04-05;16;156;57,45;8962,2;0,06;1;1;2
2021-04-12;1;149;13,40;1996,6;0,05;0;3;3
2021-04-12;2;159;38,67;6148,53;0,05;3;3;3
2021-04-12;3;175;27,62;4833,5;0,06;0;1;3
2021-04-12;4;141;36,68;5171,88;0,24;1;2;2
2021-04-12;5;157;35,63;5593,91;0,07;1;1;1
2021-04-12;6;149;57,03;8497,47;0,08;0;2;1
2021-04-12;7;150;18,42;2763;0,19;5;1;3
2021-04-12;8;176;53,77;9463,52;0,18;1;3;3
2021-04-12;9;151;34,01;5135,51;0,09;1;1;2
2021-04-12;10;153;55,05;8422,65;0,17;2;3;3
2021-04-12;11;131;16,05;2102,55;0,02;1;2;1
2021-04-12;12;146;14,46;2111,16;0,11;0;1;1
2021-04-12;13;157;14,74;2314,18;0,24;1;1;1
2021-04-12;14;147;11,23;1650,81;0,20;1;1;1
2021-04-12;15;142;18,12;2573,04;0,22;2;2;1
2021-04-12;16;140;44,53;6234,2;0,14;1;3;2
2021-04-19;1;145;43,48;6304,6;0,24;0;1;1
2021-04-19;2;153;32,33;4946,49;0,06;3;3;2
2021-04-19;3;149;25,24;3760,76;0,05;0;3;3
2021-04-19;4;158;44,50;7031;0,10;1;3;1
2021-04-19;5;149;15,03;2239,47;0,08;2;1;2
2021-04-19;6;156;33,01;5149,56;0,05;1;2;1
2021-04-19;7;139;23,98;3333,22;0,03;2;3;3
2021-04-19;8;128;42,24;5406,72;0,08;2;2;3
2021-04-19;9;152;42,54;6466,08;0,03;1;3;1
2021-04-19;10;148;40,20;5949,6;0,22;6;2;2
2021-04-19;11;154;21,26;3274,04;0,06;1;2;1
2021-04-19;12;145;28,41;4119,45;0,09;1;1;3
2021-04-19;13;164;40,71;6676,44;0,08;3;3;3
2021-04-19;14;150;34,86;5229;0,17;0;1;1
2021-04-19;15;166;27,15;4506,9;0,03;1;2;2
2021-04-19;16;150;43,93;6589,5;0,11;4;2;1
2021-04-26;1;153;15,47;2366,91;0,10;1;3;2
2021-04-26;2;152;13,92;2115,84;0,02;3;1;3
2021-04-26;3;139;37,14;5162,46;0,21;0;1;1
2021-04-26;4;134;57,32;7680,88;0,10;1;2;3
2021-04-26;5;154;51,85;7984,9;0,25;0;2;2
2021-04-26;6;133;51,03;6786,99;0,07;0;3;1
2021-04-26;7;161;28,47;4583,67;0,13;2;1;1
2021-04-26;8;158;40,63;6419,54;0,15;2;1;2
2021-04-26;9;155;14,23;2205,65;0,03;1;2;2
2021-04-26;10;150;45,06;6759;0,20;1;1;3
2021-04-26;11;147;19,59;2879,73;0,02;2;2;1
2021-04-26;12;141;45,20;6373,2;0,24;1;2;2
2021-04-26;13;156;41,53;6478,68;0,11;0;1;1
2021-04-26;14;150;50,53;7579,5;0,18;2;1;1
2021-04-26;15;133;35,02;4657,66;0,22;3;2;1
2021-04-26;16;151;47,32;7145,32;0,00;0;2;3
2021-05-03;1;153;55,83;8541,99;0,18;2;2;2
2021-05-03;2;146;16,01;2337,46;0,13;2;2;2
2021-05-03;3;147;36,09;5305,23;0,02;0;3;1
2021-05-03;4;164;54,74;8977,36;0,03;5;1;2
2021-05-03;5;139;59,87;8321,93;0,07;2;3;1
2021-05-03;6;137;55,20;7562,4;0,08;2;2;3
2021-05-03;7;138;26,82;3701,16;0,05;1;1;1
2021-05-03;8;146;32,42;4733,32;0,08;2;3;3
2021-05-03;9;165;17,86;2946,9;0,17;2;2;2
2021-05-03;10;155;32,02;4963,1;0,23;2;3;1
2021-05-03;11;150;26,28;3942;0,25;2;2;1
2021-05-03;12;120;41,17;4940,4;0,01;0;1;2
2021-05-03;13;148;31,91;4722,68;0,07;0;3;2
2021-05-03;14;157;20,01;3141,57;0,08;2;2;2
2021-05-03;15;128;13,66;1748,48;0,20;2;3;2
2021-05-03;16;160;43,47;6955,2;0,12;2;3;1
2021-05-10;1;161;27,88;4488,68;0,07;2;3;1
2021-05-10;2;157;27,12;4257,84;0,19;2;3;3
2021-05-10;3;167;35,88;5991,96;0,14;2;2;2
2021-05-10;4;184;12,67;2331,28;0,23;2;3;3
2021-05-10;5;154;14,68;2260,72;0,19;2;2;1
2021-05-10;6;143;51,89;7420,27;0,02;3;3;3
2021-05-10;7;141;56,80;8008,8;0,17;1;2;2
2021-05-10;8;157;23,86;3746,02;0,25;2;1;2
2021-05-10;9;155;12,46;1931,3;0,01;2;1;1
2021-05-10;10;160;52,04;8326,4;0,01;1;1;2
2021-05-10;11;140;13,62;1906,8;0,24;0;2;3
2021-05-10;12;171;59,28;10136,88;0,14;4;1;3
2021-05-10;13;169;14,81;2502,89;0,11;4;3;1
2021-05-10;14;151;17,06;2576,06;0,00;3;1;3
2021-05-10;15;130;55,73;7244,9;0,05;2;1;1
2021-05-10;16;129;18,20;2347,8;0,18;1;2;2
2021-05-17;1;149;18,56;2765,44;0,19;1;2;1
2021-05-17;2;156;44,41;6927,96;0,03;1;1;1
2021-05-17;3;140;23,10;3234;0,22;3;2;1
2021-05-17;4;138;14,39;1985,82;0,10;2;2;2
2021-05-17;5;156;24,13;3764,28;0,09;0;2;3
2021-05-17;6;158;45,44;7179,52;0,06;1;1;1
2021-05-17;7;144;27,05;3895,2;0,20;3;1;3
2021-05-17;8;151;11,54;1742,54;0,22;0;2;3
2021-05-17;9;176;27,10;4769,6;0,23;0;2;1
2021-05-17;10;153;20,97;3208,41;0,11;2;2;1
2021-05-17;11;158;56,84;8980,72;0,04;1;3;1
2021-05-17;12;141;16,15;2277,15;0,25;1;2;3
2021-05-17;13;133;45,97;6114,01;0,21;0;1;1
2021-05-17;14;124;31,58;3915,92;0,06;1;3;2
2021-05-17;15;141;55,30;7797,3;0,14;1;3;2
2021-05-17;16;146;46,38;6771,48;0,11;3;1;3
2021-05-24;1;176;38,03;6693,28;0,02;1;2;1
2021-05-24;2;147;53,83;7913,01;0,04;1;3;2
2021-05-24;3;154;29,15;4489,1;0,22;2;1;3
2021-05-24;4;148;33,23;4918,04;0,21;2;2;2
2021-05-24;5;163;15,92;2594,96;0,00;1;1;1
2021-05-24;6;157;24,79;3892,03;0,12;1;3;2
2021-05-24;7;147;16,82;2472,54;0,05;0;3;1
2021-05-24;8;138;41,36;5707,68;0,08;4;3;3
2021-05-24;9;138;27,89;3848,82;0,00;3;3;2
2021-05-24;10;168;37,18;6246,24;0,16;1;1;1
2021-05-24;11;155;12,70;1968,5;0,11;2;2;3
2021-05-24;12;167;51,13;8538,71;0,05;1;1;3
2021-05-24;13;143;17,52;2505,36;0,13;2;2;3
2021-05-24;14;148;52,44;7761,12;0,18;1;3;3
2021-05-24;15;141;38,85;5477,85;0,06;1;1;2
2021-05-24;16;162;59,60;9655,2;0,03;3;2;3
2021-05-31;1;146;54,03;7888,38;0,10;1;2;3
2021-05-31;2;122;22,24;2713,28;0,17;0;1;3
2021-05-31;3;133;42,39;5637,87;0,18;0;3;1
2021-05-31;4;129;23,03;2970,87;0,21;3;3;1
2021-05-31;5;160;51,09;8174,4;0,19;2;3;2
2021-05-31;6;144;16,09;2316,96;0,13;2;3;3
2021-05-31;7;145;28,18;4086,1;0,16;3;3;2
2021-05-31;8;136;17,04;2317,44;0,16;2;2;1
2021-05-31;9;173;57,51;9949,23;0,02;2;1;2
2021-05-31;10;151;51,58;7788,58;0,04;0;2;1
2021-05-31;11;167;16,45;2747,15;0,12;2;2;3
2021-05-31;12;155;55,29;8569,95;0,13;0;2;2
2021-05-31;13;171;46,59;7966,89;0,18;1;3;2
2021-05-31;14;139;20,99;2917,61;0,11;2;2;3
2021-05-31;15;161;49,61;7987,21;0,21;2;1;3
2021-05-31;16;140;25,74;3603,6;0,03;1;3;2
2021-06-07;1;139;55,42;7703,38;0,03;2;2;3
2021-06-07;2;157;56,13;8812,41;0,14;1;2;1
2021-06-07;3;160;44,68;7148,8;0,01;3;2;3
2021-06-07;4;148;21,06;3116,88;0,17;2;2;1
2021-06-07;5;149;32,82;4890,18;0,22;1;1;2
2021-06-07;6;164;30,53;5006,92;0,06;1;2;1
2021-06-07;7;163;36,22;5903,86;0,20;1;3;3
2021-06-07;8;155;15,46;2396,3;0,20;0;2;2
2021-06-07;9;141;27,32;3852,12;0,24;4;2;1
2021-06-07;10;141;45,25;6380,25;0,11;0;2;1
2021-06-07;11;158;53,51;8454,58;0,03;0;3;3
2021-06-07;12;157;29,88;4691,16;0,08;1;1;3
2021-06-07;13;149;41,59;6196,91;0,06;4;1;1
2021-06-07;14;144;38,53;5548,32;0,11;1;2;1
2021-06-07;15;159;51,66;8213,94;0,06;2;2;3
2021-06-07;16;153;34,30;5247,9;0,08;0;2;3
2021-06-14;1;139;44,15;6136,85;0,17;4;3;2
2021-06-14;2;159;54,21;8619,39;0,22;1;1;3
2021-06-14;3;151;14,15;2136,65;0,05;1;1;3
2021-06-14;4;153;59,41;9089,73;0,10;0;3;2
2021-06-14;5;162;19,93;3228,66;0,12;2;2;1
2021-06-14;6;160;25,26;4041,6;0,24;2;2;1
2021-06-14;7;147;46,56;6844,32;0,06;0;1;3
2021-06-14;8;151;41,45;6258,95;0,03;2;3;3
2021-06-14;9;142;16,35;2321,7;0,23;3;3;1
2021-06-14;10;140;40,43;5660,2;0,24;1;2;1
2021-06-14;11;157;29,81;4680,17;0,24;2;1;1
2021-06-14;12;142;45,18;6415,56;0,16;1;2;1
2021-06-14;13;178;25,19;4483,82;0,23;1;3;3
2021-06-14;14;141;51,19;7217,79;0,03;3;2;2
2021-06-14;15;161;45,60;7341,6;0,10;1;1;3
2021-06-14;16;134;34,05;4562,7;0,09;1;3;2
2021-06-21;1;123;31,81;3912,63;0,05;2;1;1
2021-06-21;2;162;24,92;4037,04;0,16;1;2;1
2021-06-21;3;140;12,02;1682,8;0,02;0;1;2
2021-06-21;4;136;59,79;8131,44;0,07;0;3;1
2021-06-21;5;151;53,67;8104,17;0,10;1;2;2
2021-06-21;6;139;25,83;3590,37;0,17;1;2;1
2021-06-21;7;153;19,56;2992,68;0,10;4;3;3
2021-06-21;8;146;22,75;3321,5;0,03;0;1;2
2021-06-21;9;143;18,70;2674,1;0,19;0;1;2
2021-06-21;10;152;35,33;5370,16;0,14;1;1;1
2021-06-21;11;142;53,56;7605,52;0,05;0;2;2
2021-06-21;12;168;37,57;6311,76;0,09;0;3;3
2021-06-21;13;153;20,15;3082,95;0,11;2;3;2
2021-06-21;14;153;37,40;5722,2;0,18;2;2;3
2021-06-21;15;155;45,51;7054,05;0,17;0;2;1
2021-06-21;16;147;43,47;6390,09;0,05;2;3;3
2021-06-28;1;170;56,07;9531,9;0,24;0;2;1
2021-06-28;2;154;52,99;8160,46;0,06;5;2;2
2021-06-28;3;154;14,28;2199,12;0,05;2;3;1
2021-06-28;4;145;44,80;6496;0,09;0;2;1
2021-06-28;5;127;36,03;4575,81;0,19;1;3;2
2021-06-28;6;147;11,32;1664,04;0,08;4;2;3
2021-06-28;7;166;39,39;6538,74;0,21;1;3;1
2021-06-28;8;150;44,66;6699;0,02;0;1;3
2021-06-28;9;160;40,88;6540,8;0,16;0;3;1
2021-06-28;10;163;22,95;3740,85;0,18;1;1;3
2021-06-28;11;119;18,93;2252,67;0,08;1;3;1
2021-06-28;12;150;23,53;3529,5;0,01;2;3;1
2021-06-28;13;146;53,35;7789,1;0,19;3;3;2
2021-06-28;14;150;44,81;6721,5;0,05;1;1;3
2021-06-28;15;134;53,21;7130,14;0,12;2;1;3
2021-06-28;16;154;31,59;4864,86;0,20;1;1;1
2021-07-05;1;175;33,13;5797,75;0,20;3;2;3
2021-07-05;2;152;33,39;5075,28;0,24;2;1;1
2021-07-05;3;162;33,39;5409,18;0,16;3;2;2
2021-07-05;4;152;25,86;3930,72;0,07;1;3;2
2021-07-05;5;123;50,63;6227,49;0,03;0;2;2
2021-07-05;6;148;48,18;7130,64;0,11;2;3;2
2021-07-05;7;154;17,82;2744,28;0,11;1;1;3
2021-07-05;8;159;29,41;4676,19;0,04;1;2;3
2021-07-05;9;153;35,75;5469,75;0,04;2;1;2
2021-07-05;10;165;34,58;5705,7;0,24;1;3;2
2021-07-05;11;153;40,30;6165,9;0,02;4;1;1
2021-07-05;12;158;45,21;7143,18;0,15;1;3;1
2021-07-05;13;150;39,17;5875,5;0,13;1;1;2
2021-07-05;14;139;22,08;3069,12;0,13;1;3;1
2021-07-05;15;148;27,51;4071,48;0,11;0;1;2
2021-07-05;16;152;17,49;2658,48;0,14;1;3;3
2021-07-12;1;140;16,52;2312,8;0,08;0;1;3
2021-07-12;2;134;39,39;5278,26;0,02;3;2;1
2021-07-12;3;182;32,50;5915;0,01;2;1;2
2021-07-12;4;147;20,34;2989,98;0,16;1;1;1
2021-07-12;5;137;38,25;5240,25;0,21;0;3;3
2021-07-12;6;161;15,75;2535,75;0,17;1;3;2
2021-07-12;7;176;42,14;7416,64;0,10;4;2;1
2021-07-12;8;144;55,07;7930,08;0,07;2;3;3
2021-07-12;9;148;24,75;3663;0,00;0;2;1
2021-07-12;10;142;18,56;2635,52;0,22;2;1;3
2021-07-12;11;130;42,68;5548,4;0,24;0;1;1
2021-07-12;12;173;48,29;8354,17;0,02;2;2;1
2021-07-12;13;140;50,52;7072,8;0,03;1;3;3
2021-07-12;14;174;58,90;10248,6;0,25;2;1;1
2021-07-12;15;137;31,22;4277,14;0,08;1;1;3
2021-07-12;16;190;46,67;8867,3;0,00;2;2;1
2021-07-19;1;170;19,28;3277,6;0,16;2;2;1
2021-07-19;2;157;22,61;3549,77;0,24;3;2;3
2021-07-19;3;148;32,62;4827,76;0,11;0;1;2
2021-07-19;4;147;11,13;1636,11;0,11;2;3;1
2021-07-19;5;157;55,48;8710,36;0,00;2;3;3
2021-07-19;6;161;26,19;4216,59;0,03;3;2;1
2021-07-19;7;149;39,29;5854,21;0,17;2;2;2
2021-07-19;8;156;35,68;5566,08;0,20;1;1;1
2021-07-19;9;146;55,73;8136,58;0,02;2;3;3
2021-07-19;10;147;43,98;6465,06;0,02;2;3;1
2021-07-19;11;160;18,53;2964,8;0,22;2;1;2
2021-07-19;12;167;37,10;6195,7;0,23;3;1;3
2021-07-19;13;148;29,66;4389,68;0,10;1;2;3
2021-07-19;14;141;13,49;1902,09;0,17;0;3;1
2021-07-19;15;144;23,50;3384;0,19;3;3;3
2021-07-19;16;139;33,52;4659,28;0,22;2;3;3
2021-07-26;1;150;52,37;7855,5;0,00;1;2;2
2021-07-26;2;169;37,14;6276,66;0,13;1;1;3
2021-07-26;3;151;30,92;4668,92;0,18;3;1;2
2021-07-26;4;136;30,40;4134,4;0,17;0;3;3
2021-07-26;5;155;30,91;4791,05;0,23;5;2;2
2021-07-26;6;132;57,52;7592,64;0,24;0;3;1
2021-07-26;7;150;11,02;1653;0,15;1;3;3
2021-07-26;8;165;44,34;7316,1;0,17;1;2;1
2021-07-26;9;142;50,02;7102,84;0,11;2;1;3
2021-07-26;10;154;31,25;4812,5;0,07;1;1;2
2021-07-26;11;151;32,01;4833,51;0,02;2;2;1
2021-07-26;12;139;30,64;4258,96;0,06;1;2;1
2021-07-26;13;145;36,86;5344,7;0,05;0;2;1
2021-07-26;14;167;30,60;5110,2;0,01;1;2;2
2021-07-26;15;152;45,35;6893,2;0,04;1;1;3
2021-07-26;16;134;20,71;2775,14;0,02;1;2;3
2021-08-02;1;135;36,69;4953,15;0,04;0;1;3
2021-08-02;2;162;40,31;6530,22;0,08;2;3;2
2021-08-02;3;143;21,15;3024,45;0,05;1;3;3
2021-08-02;4;156;10,60;1653,6;0,13;2;3;2
2021-08-02;5;149;56,40;8403,6;0,21;1;2;3
2021-08-02;6;140;35,22;4930,8;0,19;1;2;3
2021-08-02;7;127;50,30;6388,1;0,07;2;1;2
2021-08-02;8;147;52,26;7682,22;0,13;2;2;3
2021-08-02;9;167;25,66;4285,22;0,19;1;1;3
2021-08-02;10;146;46,22;6748,12;0,10;0;2;3
2021-08-02;11;145;18,80;2726;0,19;1;3;3
2021-08-02;12;148;59,10;8746,8;0,10;0;3;1
2021-08-02;13;130;39,97;5196,1;0,10;1;2;1
2021-08-02;14;124;35,24;4369,76;0,04;0;2;3
2021-08-02;15;133;40,49;5385,17;0,05;0;2;2
2021-08-02;16;165;26,38;4352,7;0,05;1;2;2
2021-08-09;1;151;18,22;2751,22;0,20;2;2;1
2021-08-09;2;134;18,51;2480,34;0,06;1;1;3
2021-08-09;3;152;57,39;8723,28;0,03;4;1;3
2021-08-09;4;140;26,95;3773;0,04;3;2;3
2021-08-09;5;143;38,32;5479,76;0,12;1;1;1
2021-08-09;6;159;43,41;6902,19;0,22;0;3;3
2021-08-09;7;135;31,86;4301,1;0,10;0;1;1
2021-08-09;8;150;33,83;5074,5;0,19;1;3;1
2021-08-09;9;157;30,74;4826,18;0,19;0;1;1
2021-08-09;10;133;30,10;4003,3;0,21;1;3;3
2021-08-09;11;156;39,31;6132,36;0,09;2;1;2
2021-08-09;12;144;59,64;8588,16;0,03;0;2;1
2021-08-09;13;167;42,51;7099,17;0,08;1;3;3
2021-08-09;14;141;30,54;4306,14;0,18;1;2;3
2021-08-09;15;176;35,15;6186,4;0,15;4;1;3
2021-08-09;16;122;52,68;6426,96;0,06;3;1;2
2021-08-16;1;173;31,95;5527,35;0,01;4;2;1
2021-08-16;2;149;44,49;6629,01;0,12;0;1;3
2021-08-16;3;139;38,71;5380,69;0,16;1;1;3
2021-08-16;4;154;44,76;6893,04;0,10;2;1;1
2021-08-16;5;155;55,85;8656,75;0,03;2;3;3
2021-08-16;6;133;26,65;3544,45;0,09;0;1;3
2021-08-16;7;153;11,71;1791,63;0,08;3;2;1
2021-08-16;8;157;44,91;7050,87;0,08;0;2;2
2021-08-16;9;141;59,02;8321,82;0,12;0;2;1
2021-08-16;10;135;38,93;5255,55;0,02;3;2;2
2021-08-16;11;145;49,03;7109,35;0,19;2;3;3
2021-08-16;12;154;41,44;6381,76;0,14;5;3;1
2021-08-16;13;159;53,62;8525,58;0,05;0;3;3
2021-08-16;14;149;51,46;7667,54;0,11;2;1;2
2021-08-16;15;151;40,76;6154,76;0,21;0;3;1
2021-08-16;16;153;18,21;2786,13;0,03;4;3;2
2021-08-23;1;146;18,57;2711,22;0,17;2;2;1
2021-08-23;2;155;54,68;8475,4;0,10;1;1;2
2021-08-23;3;149;53,18;7923,82;0,23;1;3;1
2021-08-23;4;165;56,54;9329,1;0,06;2;3;3
2021-08-23;5;142;10,27;1458,34;0,14;1;2;2
2021-08-23;6;143;52,57;7517,51;0,15;3;3;1
2021-08-23;7;141;32,53;4586,73;0,00;1;1;1
2021-08-23;8;156;46,81;7302,36;0,14;0;3;1
2021-08-23;9;133;23,75;3158,75;0,02;1;1;2
2021-08-23;10;152;46,02;6995,04;0,16;1;3;3
2021-08-23;11;160;41,87;6699,2;0,14;0;1;1
2021-08-23;12;157;57,13;8969,41;0,20;2;3;2
2021-08-23;13;141;27,02;3809,82;0,12;1;2;2
2021-08-23;14;150;58,89;8833,5;0,03;3;1;3
2021-08-23;15;170;46,25;7862,5;0,11;2;3;2
2021-08-23;16;144;38,91;5603,04;0,12;2;1;2
2021-08-30;1;142;14,19;2014,98;0,01;1;3;1
2021-08-30;2;128;50,65;6483,2;0,01;2;2;2
2021-08-30;3;141;34,25;4829,25;0,08;1;1;1
2021-08-30;4;146;15,73;2296,58;0,25;1;1;2
2021-08-30;5;144;28,19;4059,36;0,21;1;3;3
2021-08-30;6;158;52,31;8264,98;0,18;1;2;1
2021-08-30;7;135;58,80;7938;0,06;1;1;3
2021-08-30;8;152;35,84;5447,68;0,20;1;3;1
2021-08-30;9;119;38,78;4614,82;0,24;2;1;1
2021-08-30;10;140;20,06;2808,4;0,23;3;2;1
2021-08-30;11;160;35,22;5635,2;0,12;1;1;3
2021-08-30;12;150;16,59;2488,5;0,22;2;2;3
2021-08-30;13;147;28,50;4189,5;0,19;2;2;1
2021-08-30;14;160;20,23;3236,8;0,08;1;2;3
2021-08-30;15;144;26,47;3811,68;0,03;1;1;3
2021-08-30;16;154;13,55;2086,7;0,12;2;3;1
2021-09-06;1;150;24,45;3667,5;0,02;4;1;3
2021-09-06;2;146;49,60;7241,6;0,08;2;3;3
2021-09-06;3;134;17,24;2310,16;0,20;0;1;3
2021-09-06;4;151;33,05;4990,55;0,08;1;3;2
2021-09-06;5;174;54,46;9476,04;0,12;2;1;2
2021-09-06;6;168;58,09;9759,12;0,10;2;3;2
2021-09-06;7;140;36,04;5045,6;0,07;2;2;2
2021-09-06;8;152;26,15;3974,8;0,12;2;1;3
2021-09-06;9;147;58,08;8537,76;0,13;2;1;2
2021-09-06;10;147;30,36;4462,92;0,10;1;1;1
2021-09-06;11;151;16,74;2527,74;0,12;0;3;2
2021-09-06;12;134;40,25;5393,5;0,16;1;2;2
2021-09-06;13;170;48,46;8238,2;0,09;4;1;3
2021-09-06;14;137;24,28;3326,36;0,07;3;2;1
2021-09-06;15;113;23,70;2678,1;0,05;0;1;3
2021-09-06;16;162;10,29;1666,98;0,11;1;1;1
2021-09-13;1;133;45,10;5998,3;0,18;2;1;3
2021-09-13;2;162;14,66;2374,92;0,18;4;1;2
2021-09-13;3;156;57,28;8935,68;0,11;2;1;2
2021-09-13;4;149;13,80;2056,2;0,13;2;2;1
2021-09-13;5;161;55,45;8927,45;0,24;0;1;1
2021-09-13;6;146;26,47;3864,62;0,13;3;1;2
2021-09-13;7;164;14,65;2402,6;0,15;2;3;2
2021-09-13;8;141;56,37;7948,17;0,10;3;2;1
2021-09-13;9;146;33,80;4934,8;0,03;3;1;2
2021-09-13;10;148;28,36;4197,28;0,00;0;1;3
2021-09-13;11;150;26,74;4011;0,17;2;1;2
2021-09-13;12;157;55,74;8751,18;0,12;1;1;1
2021-09-13;13;138;12,12;1672,56;0,16;0;3;2
2021-09-13;14;143;26,36;3769,48;0,06;0;3;1
2021-09-13;15;160;32,69;5230,4;0,13;2;3;3
2021-09-13;16;155;12,24;1897,2;0,07;1;1;2
2021-09-20;1;135;25,49;3441,15;0,13;2;2;3
2021-09-20;2;146;26,81;3914,26;0,07;1;1;2
2021-09-20;3;147;46,08;6773,76;0,02;3;3;3
2021-09-20;4;159;51,01;8110,59;0,10;1;3;3
2021-09-20;5;150;36,92;5538;0,14;4;2;1
2021-09-20;6;169;50,07;8461,83;0,24;0;3;3
2021-09-20;7;141;52,33;7378,53;0,13;2;3;2
2021-09-20;8;135;46,59;6289,65;0,04;1;1;3
2021-09-20;9;141;45,42;6404,22;0,09;1;1;3
2021-09-20;10;131;28,49;3732,19;0,16;2;2;3
2021-09-20;11;139;40,81;5672,59;0,11;0;1;2
2021-09-20;12;175;20,40;3570;0,08;3;2;1
2021-09-20;13;157;32,06;5033,42;0,18;1;2;1
2021-09-20;14;139;58,80;8173,2;0,08;1;1;1
2021-09-20;15;156;52,17;8138,52;0,19;0;1;3
2021-09-20;16;165;52,81;8713,65;0,03;1;1;1
2021-09-27;1;166;13,91;2309,06;0,20;3;1;2
2021-09-27;2;136;44,34;6030,24;0,13;2;2;1
2021-09-27;3;147;24,24;3563,28;0,13;1;2;2
2021-09-27;4;162;39,07;6329,34;0,20;0;2;3
2021-09-27;5;128;44,77;5730,56;0,10;3;3;1
2021-09-27;6;142;25,03;3554,26;0,14;1;1;3
2021-09-27;7;151;55,62;8398,62;0,07;1;3;3
2021-09-27;8;152;59,93;9109,36;0,06;2;2;2
2021-09-27;9;146;10,46;1527,16;0,12;1;1;3
2021-09-27;10;142;25,05;3557,1;0,04;1;3;1
2021-09-27;11;140;19,94;2791,6;0,13;0;2;2
2021-09-27;12;156;15,52;2421,12;0,12;0;1;3
2021-09-27;13;153;36,38;5566,14;0,13;3;2;1
2021-09-27;14;152;30,08;4572,16;0,24;2;2;2
2021-09-27;15;142;31,62;4490,04;0,21;2;3;1
2021-09-27;16;138;24,53;3385,14;0,07;1;3;3
2021-10-04;1;158;10,05;1587,9;0,18;0;3;3
2021-10-04;2;132;29,00;3828;0,12;0;2;2
2021-10-04;3;143;32,43;4637,49;0,16;0;1;2
2021-10-04;4;138;22,81;3147,78;0,10;3;2;3
2021-10-04;5;156;44,18;6892,08;0,00;2;3;2
2021-10-04;6;149;57,73;8601,77;0,23;3;3;2
2021-10-04;7;150;33,25;4987,5;0,17;3;1;2
2021-10-04;8;139;50,76;7055,64;0,24;3;2;3
2021-10-04;9;142;15,61;2216,62;0,07;2;3;2
2021-10-04;10;154;19,32;2975,28;0,02;1;2;2
2021-10-04;11;150;27,42;4113;0,04;2;3;1
2021-10-04;12;149;31,38;4675,62;0,24;0;1;3
2021-10-04;13;151;37,84;5713,84;0,23;1;2;1
2021-10-04;14;149;40,45;6027,05;0,07;0;3;2
2021-10-04;15;151;13,79;2082,29;0,17;2;3;2
2021-10-04;16;138;46,02;6350,76;0,13;1;1;1
2021-10-11;1;143;56,96;8145,28;0,17;0;1;2
2021-10-11;2;149;14,72;2193,28;0,25;4;2;1
2021-10-11;3;129;28,16;3632,64;0,21;1;2;2
2021-10-11;4;148;48,72;7210,56;0,01;2;1;2
2021-10-11;5;137;27,40;3753,8;0,12;1;3;2
2021-10-11;6;132;11,67;1540,44;0,12;3;2;3
2021-10-11;7;159;42,26;6719,34;0,21;0;3;2
2021-10-11;8;150;39,34;5901;0,21;0;1;2
2021-10-11;9;157;28,96;4546,72;0,09;2;2;1
2021-10-11;10;168;51,24;8608,32;0,10;0;3;1
2021-10-11;11;125;29,01;3626,25;0,08;2;3;1
2021-10-11;12;159;21,06;3348,54;0,07;2;3;1
2021-10-11;13;135;57,19;7720,65;0,20;0;1;3
2021-10-11;14;147;49,55;7283,85;0,13;0;3;3
2021-10-11;15;159;23,15;3680,85;0,09;1;3;1
2021-10-11;16;144;29,93;4309,92;0,00;2;1;2
2021-10-18;1;137;42,68;5847,16;0,19;2;3;1
2021-10-18;2;150;46,86;7029;0,17;1;2;3
2021-10-18;3;169;59,13;9992,97;0,22;2;2;3
2021-10-18;4;174;19,52;3396,48;0,11;0;3;1
2021-10-18;5;146;29,32;4280,72;0,08;2;3;3
2021-10-18;6;166;29,27;4858,82;0,04;2;2;3
2021-10-18;7;132;24,31;3208,92;0,05;3;1;2
2021-10-18;8;150;16,61;2491,5;0,09;2;3;3
2021-10-18;9;161;39,49;6357,89;0,05;1;3;2
2021-10-18;10;136;21,24;2888,64;0,13;1;3;3
2021-10-18;11;176;42,08;7406,08;0,20;2;1;3
2021-10-18;12;141;11,96;1686,36;0,08;2;1;1
2021-10-18;13;122;45,31;5527,82;0,20;1;2;2
2021-10-18;14;157;18,00;2826;0,10;2;3;2
2021-10-18;15;177;35,37;6260,49;0,08;2;3;3
2021-10-18;16;163;32,53;5302,39;0,07;1;1;1
2021-10-25;1;146;58,36;8520,56;0,11;1;3;1
2021-10-25;2;164;37,60;6166,4;0,06;2;3;2
2021-10-25;3;151;49,04;7405,04;0,05;2;3;3
2021-10-25;4;162;18,63;3018,06;0,00;1;1;3
2021-10-25;5;145;19,40;2813;0,21;1;2;1
2021-10-25;6;139;34,94;4856,66;0,05;1;1;3
2021-10-25;7;137;48,50;6644,5;0,12;2;3;3
2021-10-25;8;159;58,31;9271,29;0,21;1;3;2
2021-10-25;9;137;16,92;2318,04;0,19;1;3;2
2021-10-25;10;161;40,23;6477,03;0,17;0;2;2
2021-10-25;11;143;10,47;1497,21;0,01;3;3;2
2021-10-25;12;157;44,40;6970,8;0,20;1;1;2
2021-10-25;13;144;34,59;4980,96;0,19;0;2;3
2021-10-25;14;141;59,58;8400,78;0,05;1;1;1
2021-10-25;15;172;58,54;10068,88;0,24;3;1;1
2021-10-25;16;139;48,04;6677,56;0,25;0;2;1
2021-11-01;1;160;18,78;3004,8;0,11;3;3;1
2021-11-01;2;149;59,76;8904,24;0,10;2;3;3
2021-11-01;3;145;44,78;6493,1;0,23;1;2;2
2021-11-01;4;160;20,56;3289,6;0,13;0;1;2
2021-11-01;5;141;10,75;1515,75;0,07;1;1;1
2021-11-01;6;153;42,27;6467,31;0,10;3;2;1
2021-11-01;7;161;16,54;2662,94;0,17;2;1;1
2021-11-01;8;161;41,26;6642,86;0,25;2;2;1
2021-11-01;9;133;22,59;3004,47;0,19;4;1;1
2021-11-01;10;157;33,02;5184,14;0,09;1;1;2
2021-11-01;11;155;43,93;6809,15;0,05;1;2;1
2021-11-01;12;161;36,83;5929,63;0,19;2;1;1
2021-11-01;13;147;18,13;2665,11;0,25;0;1;3
2021-11-01;14;140;50,55;7077;0,21;5;1;3
2021-11-01;15;142;15,77;2239,34;0,10;3;2;2
2021-11-01;16;145;35,19;5102,55;0,16;4;3;2
2021-11-08;1;124;53,15;6590,6;0,12;0;3;1
2021-11-08;2;152;17,75;2698;0,21;1;1;3
2021-11-08;3;173;44,65;7724,45;0,00;1;3;3
2021-11-08;4;137;35,84;4910,08;0,07;0;3;1
2021-11-08;5;153;12,91;1975,23;0,09;2;2;2
2021-11-08;6;152;38,29;5820,08;0,09;4;3;2
2021-11-08;7;124;54,56;6765,44;0,20;0;3;1
2021-11-08;8;142;14,21;2017,82;0,20;2;3;2
2021-11-08;9;159;45,89;7296,51;0,17;3;1;3
2021-11-08;10;119;28,65;3409,35;0,04;1;1;3
2021-11-08;11;171;52,25;8934,75;0,00;0;2;1
2021-11-08;12;169;40,32;6814,08;0,11;4;2;1
2021-11-08;13;133;11,48;1526,84;0,11;1;1;1
2021-11-08;14;166;40,70;6756,2;0,13;0;2;1
2021-11-08;15;163;21,37;3483,31;0,00;1;1;2
2021-11-08;16;132;43,86;5789,52;0,22;2;1;3
2021-11-15;1;174;10,61;1846,14;0,17;1;2;1
2021-11-15;2;141;23,49;3312,09;0,13;1;2;1
2021-11-15;3;150;29,36;4404;0,06;0;1;1
2021-11-15;4;144;47,84;6888,96;0,17;0;3;3
2021-11-15;5;153;34,21;5234,13;0,14;1;3;1
2021-11-15;6;152;15,48;2352,96;0,19;0;3;3
2021-11-15;7;180;32,16;5788,8;0,05;2;2;1
2021-11-15;8;155;40,17;6226,35;0,08;3;3;2
2021-11-15;9;166;26,24;4355,84;0,07;0;2;2
2021-11-15;10;163;26,26;4280,38;0,12;3;3;3
2021-11-15;11;134;54,88;7353,92;0,24;1;3;2
2021-11-15;12;139;26,65;3704,35;0,04;2;2;1
2021-11-15;13;149;11,61;1729,89;0,16;2;1;2
2021-11-15;14;144;10,70;1540,8;0,00;1;2;3
2021-11-15;15;131;18,85;2469,35;0,01;3;1;2
2021-11-15;16;168;43,61;7326,48;0,00;5;3;3
2021-11-22;1;156;54,68;8530,08;0,07;2;1;3
2021-11-22;2;135;37,91;5117,85;0,19;2;2;2
2021-11-22;3;140;47,86;6700,4;0,25;2;3;2
2021-11-22;4;149;30,49;4543,01;0,13;1;3;3
2021-11-22;5;148;36,34;5378,32;0,08;1;1;2
2021-11-22;6;140;42,69;5976,6;0,17;2;1;1
2021-11-22;7;150;56,82;8523;0,20;2;3;1
2021-11-22;8;142;32,11;4559,62;0,01;4;3;3
2021-11-22;9;153;42,79;6546,87;0,12;0;3;1
2021-11-22;10;154;30,84;4749,36;0,19;1;3;3
2021-11-22;11;139;28,60;3975,4;0,21;2;3;3
2021-11-22;12;146;46,04;6721,84;0,06;0;1;3
2021-11-22;13;157;23,06;3620,42;0,13;1;1;1
2021-11-22;14;136;11,79;1603,44;0,18;1;1;3
2021-11-22;15;131;15,13;1982,03;0,15;0;3;3
2021-11-22;16;160;22,47;3595,2;0,22;2;1;1
2021-11-29;1;128;34,65;4435,2;0,21;1;3;3
2021-11-29;2;140;33,02;4622,8;0,01;0;1;3
2021-11-29;3;133;38,36;5101,88;0,14;0;1;2
2021-11-29;4;149;29,88;4452,12;0,16;2;2;1
2021-11-29;5;161;52,90;8516,9;0,10;3;1;2
2021-11-29;6;140;12,66;1772,4;0,20;1;3;1
2021-11-29;7;140;55,07;7709,8;0,21;1;3;1
2021-11-29;8;154;29,58;4555,32;0,23;0;2;1
2021-11-29;9;147;34,91;5131,77;0,11;1;2;3
2021-11-29;10;135;22,12;2986,2;0,05;0;1;2
2021-11-29;11;160;41,33;6612,8;0,18;2;3;1
2021-11-29;12;149;28,80;4291,2;0,16;1;2;2
2021-11-29;13;164;18,53;3038,92;0,03;2;3;1
2021-11-29;14;143;54,43;7783,49;0,06;3;1;3
2021-11-29;15;158;20,07;3171,06;0,06;1;2;2
2021-11-29;16;137;26,07;3571,59;0,04;0;1;1
2021-12-06;1;161;11,42;1838,62;0,16;4;1;2
2021-12-06;2;144;38,52;5546,88;0,23;2;2;3
2021-12-06;3;154;37,09;5711,86;0,02;2;1;2
2021-12-06;4;141;37,28;5256,48;0,18;2;2;2
2021-12-06;5;138;35,63;4916,94;0,08;3;2;1
2021-12-06;6;149;39,03;5815,47;0,19;1;2;3
2021-12-06;7;163;37,30;6079,9;0,05;1;3;2
2021-12-06;8;143;58,35;8344,05;0,04;2;2;2
2021-12-06;9;157;12,02;1887,14;0,10;4;2;2
2021-12-06;10;150;14,20;2130;0,17;2;1;2
2021-12-06;11;163;33,55;5468,65;0,10;1;3;1
2021-12-06;12;148;31,62;4679,76;0,24;0;2;3
2021-12-06;13;171;41,19;7043,49;0,21;1;2;3
2021-12-06;14;147;28,74;4224,78;0,23;3;2;1
2021-12-06;15;132;31,39;4143,48;0,02;1;3;3
2021-12-06;16;135;10,36;1398,6;0,08;2;1;3
2021-12-13;1;149;53,71;8002,79;0,09;0;1;2
2021-12-13;2;163;59,90;9763,7;0,06;2;1;1
2021-12-13;3;169;55,41;9364,29;0,08;5;2;2
2021-12-13;4;151;21,17;3196,67;0,18;0;1;2
2021-12-13;5;152;57,78;8782,56;0,01;0;2;3
2021-12-13;6;140;21,64;3029,6;0,12;3;3;3
2021-12-13;7;158;14,45;2283,1;0,17;0;3;2
2021-12-13;8;161;30,85;4966,85;0,09;3;1;2
2021-12-13;9;134;17,10;2291,4;0,18;3;2;1
2021-12-13;10;148;56,37;8342,76;0,13;1;2;3
2021-12-13;11;153;15,34;2347,02;0,21;1;2;1
2021-12-13;12;128;28,85;3692,8;0,03;2;3;3
2021-12-13;13;163;40,08;6533,04;0,15;1;3;2
2021-12-13;14;169;33,24;5617,56;0,25;1;1;2
2021-12-13;15;137;50,70;6945,9;0,19;2;1;1
2021-12-13;16;158;53,10;8389,8;0,22;0;2;1
2021-12-20;1;167;42,32;7067,44;0,14;0;1;1
2021-12-20;2;159;42,39;6740,01;0,13;1;1;3
2021-12-20;3;137;17,94;2457,78;0,05;4;2;2
2021-12-20;4;136;39,53;5376,08;0,15;0;3;1
2021-12-20;5;161;21,87;3521,07;0,07;4;3;2
2021-12-20;6;163;14,11;2299,93;0,10;2;3;1
2021-12-20;7;138;40,05;5526,9;0,08;2;3;2
2021-12-20;8;164;51,93;8516,52;0,03;3;1;1
2021-12-20;9;136;42,09;5724,24;0,12;3;3;1
2021-12-20;10;145;35,04;5080,8;0,11;1;2;1
2021-12-20;11;157;52,65;8266,05;0,24;1;1;3
2021-12-20;12;158;43,85;6928,3;0,12;5;1;1
2021-12-20;13;162;22,59;3659,58;0,09;0;2;2
2021-12-20;14;151;36,26;5475,26;0,24;3;1;2
2021-12-20;15;136;31,20;4243,2;0,09;2;2;3
2021-12-20;16;151;52,65;7950,15;0,20;0;3;3
2021-12-27;1;158;24,73;3907,34;0,01;1;2;3
2021-12-27;2;145;44,73;6485,85;0,19;1;3;2
2021-12-27;3;155;22,32;3459,6;0,00;1;1;1
2021-12-27;4;135;18,33;2474,55;0,13;1;3;3
2021-12-27;5;142;11,86;1684,12;0,01;2;1;2
2021-12-27;6;143;31,59;4517,37;0,11;1;1;3
2021-12-27;7;158;16,08;2540,64;0,14;1;1;1
2021-12-27;8;148;34,71;5137,08;0,16;1;3;1
2021-12-27;9;159;36,71;5836,89;0,17;3;2;3
2021-12-27;10;148;48,21;7135,08;0,15;0;3;3
2021-12-27;11;168;47,42;7966,56;0,19;4;1;3
2021-12-27;12;124;31,39;3892,36;0,08;0;3;1
2021-12-27;13;152;15,23;2314,96;0,15;2;2;2
2021-12-27;14;147;53,27;7830,69;0,07;0;3;2
2021-12-27;15;148;38,79;5740,92;0,15;2;1;3
2021-12-27;16;150;52,91;7936,5;0,08;4;3;3
2022-01-03;1;130;12,33;1602,9;0,18;2;1;3
2022-01-03;2;148;39,51;5847,48;0,16;3;3;1
2022-01-03;3;142;55,30;7852,6;0,23;4;3;2
2022-01-03;4;169;51,19;8651,11;0,10;5;2;1
2022-01-03;5;149;36,49;5437,01;0,08;0;3;1
2022-01-03;6;168;16,98;2852,64;0,19;2;2;1
2022-01-03;7;147;52,99;7789,53;0,18;1;1;3
2022-01-03;8;154;33,70;5189,8;0,05;0;1;2
2022-01-03;9;156;30,19;4709,64;0,05;2;1;1
2022-01-03;10;166;53,44;8871,04;0,13;2;3;2
2022-01-03;11;135;29,48;3979,8;0,13;3;2;3
2022-01-03;12;166;18,64;3094,24;0,09;1;3;1
2022-01-03;13;154;58,11;8948,94;0,16;3;2;2
2022-01-03;14;151;36,23;5470,73;0,14;2;2;2
2022-01-03;15;139;28,20;3919,8;0,24;1;1;3
2022-01-03;16;160;23,28;3724,8;0,14;3;3;3
2022-01-10;1;149;20,72;3087,28;0,02;3;1;2
2022-01-10;2;156;51,35;8010,6;0,21;2;3;2
2022-01-10;3;146;31,61;4615,06;0,13;1;2;2
2022-01-10;4;152;12,40;1884,8;0,22;1;1;1
2022-01-10;5;153;10,17;1556,01;0,06;2;2;2
2022-01-10;6;139;19,08;2652,12;0,00;2;3;1
2022-01-10;7;166;19,41;3222,06;0,07;1;2;1
2022-01-10;8;179;46,58;8337,82;0,11;1;1;2
2022-01-10;9;148;49,93;7389,64;0,06;2;2;2
2022-01-10;10;138;50,47;6964,86;0,24;1;3;2
2022-01-10;11;158;19,22;3036,76;0,11;0;1;3
2022-01-10;12;153;36,90;5645,7;0,17;0;3;2
2022-01-10;13;152;57,01;8665,52;0,19;4;3;1
2022-01-10;14;117;19,77;2313,09;0,00;0;2;2
2022-01-10;15;156;35,45;5530,2;0,22;2;3;3
2022-01-10;16;146;32,79;4787,34;0,04;2;2;1
2022-01-17;1;145;47,83;6935,35;0,15;1;3;2
2022-01-17;2;139;34,32;4770,48;0,06;0;1;3
2022-01-17;3;136;21,45;2917,2;0,13;1;1;2
2022-01-17;4;153;53,39;8168,67;0,11;0;1;1
2022-01-17;5;147;37,89;5569,83;0,16;0;2;1
2022-01-17;6;155;47,53;7367,15;0,08;2;3;3
2022-01-17;7;122;45,25;5520,5;0,06;2;3;2
2022-01-17;8;155;27,68;4290,4;0,12;2;2;1
2022-01-17;9;149;31,68;4720,32;0,05;0;3;1
2022-01-17;10;159;20,12;3199,08;0,24;1;1;1
2022-01-17;11;171;46,12;7886,52;0,02;1;1;1
2022-01-17;12;144;26,95;3880,8;0,20;0;1;1
2022-01-17;13;137;30,42;4167,54;0,09;2;3;3
2022-01-17;14;131;51,86;6793,66;0,02;3;1;2
2022-01-17;15;142;48,82;6932,44;0,15;2;3;2
2022-01-17;16;160;51,66;8265,6;0,18;2;3;3
2022-01-24;1;168;20,08;3373,44;0,11;1;1;2
2022-01-24;2;134;35,31;4731,54;0,01;3;2;1
2022-01-24;3;165;21,45;3539,25;0,03;1;2;3
2022-01-24;4;141;58,32;8223,12;0,14;3;2;1
2022-01-24;5;155;52,73;8173,15;0,12;3;1;2
2022-01-24;6;142;52,77;7493,34;0,15;3;2;2
2022-01-24;7;174;35,05;6098,7;0,09;2;1;2
2022-01-24;8;161;37,84;6092,24;0,18;0;1;3
2022-01-24;9;162;57,48;9311,76;0,08;0;1;3
2022-01-24;10;150;58,48;8772;0,01;2;2;2
2022-01-24;11;151;13,29;2006,79;0,16;2;2;2
2022-01-24;12;142;25,21;3579,82;0,11;1;2;2
2022-01-24;13;145;29,36;4257,2;0,15;1;3;3
2022-01-24;14;157;24,23;3804,11;0,20;0;1;1
2022-01-24;15;165;51,72;8533,8;0,09;2;2;1
2022-01-24;16;136;20,80;2828,8;0,03;1;1;2
2022-01-31;1;150;49,49;7423,5;0,16;2;1;1
2022-01-31;2;147;30,73;4517,31;0,21;1;3;3
2022-01-31;3;165;15,32;2527,8;0,12;2;1;2
2022-01-31;4;142;39,75;5644,5;0,08;0;3;1
2022-01-31;5;159;51,72;8223,48;0,11;2;1;1
2022-01-31;6;166;28,58;4744,28;0,05;3;2;1
2022-01-31;7;148;55,22;8172,56;0,05;0;1;3
2022-01-31;8;156;26,00;4056;0,08;2;2;1
2022-01-31;9;137;21,17;2900,29;0,02;3;2;3
2022-01-31;10;165;45,12;7444,8;0,14;3;2;2
2022-01-31;11;143;34,27;4900,61;0,09;3;1;2
2022-01-31;12;136;38,85;5283,6;0,16;0;2;1
2022-01-31;13;146;22,33;3260,18;0,17;2;3;2
2022-01-31;14;148;46,83;6930,84;0,11;2;1;1
2022-01-31;15;157;53,93;8467,01;0,09;1;2;1
2022-01-31;16;139;12,15;1688,85;0,22;2;3;3
2022-02-07;1;156;52,46;8183,76;0,12;3;2;2
2022-02-07;2;145;44,93;6514,85;0,06;1;1;1
2022-02-07;3;151;39,56;5973,56;0,08;0;1;1
2022-02-07;4;177;53,85;9531,45;0,17;1;3;3
2022-02-07;5;150;58,01;8701,5;0,06;3;1;1
2022-02-07;6;172;56,56;9728,32;0,10;4;1;1
2022-02-07;7;157;55,34;8688,38;0,12;1;3;2
2022-02-07;8;152;33,46;5085,92;0,21;0;1;1
2022-02-07;9;141;30,79;4341,39;0,18;2;3;1
2022-02-07;10;176;22,73;4000,48;0,23;3;3;3
2022-02-07;11;153;56,22;8601,66;0,18;1;2;1
2022-02-07;12;158;29,32;4632,56;0,10;0;3;3
2022-02-07;13;156;59,41;9267,96;0,09;2;2;1
2022-02-07;14;174;45,88;7983,12;0,19;0;2;1
2022-02-07;15;165;11,67;1925,55;0,02;0;2;2
2022-02-07;16;144;36,62;5273,28;0,07;3;1;2
2022-02-14;1;145;25,01;3626,45;0,13;1;1;1
2022-02-14;2;142;50,96;7236,32;0,25;1;2;1
2022-02-14;3;146;45,92;6704,32;0,10;3;1;1
2022-02-14;4;152;42,33;6434,16;0,24;2;1;1
2022-02-14;5;118;33,53;3956,54;0,08;2;2;2
2022-02-14;6;163;59,47;9693,61;0,07;3;3;2
2022-02-14;7;160;46,71;7473,6;0,03;3;3;1
2022-02-14;8;151;42,79;6461,29;0,16;0;1;3
2022-02-14;9;152;56,41;8574,32;0,13;2;2;3
2022-02-14;10;148;20,24;2995,52;0,09;2;3;1
2022-02-14;11;164;32,40;5313,6;0,21;3;1;2
2022-02-14;12;142;43,94;6239,48;0,14;0;3;1
2022-02-14;13;143;44,41;6350,63;0,25;2;1;3
2022-02-14;14;175;48,57;8499,75;0,01;2;1;3
2022-02-14;15;149;53,12;7914,88;0,21;0;2;2
2022-02-14;16;154;30,78;4740,12;0,21;1;2;3
2022-02-21;1;175;43,14;7549,5;0,17;1;3;3
2022-02-21;2;144;48,09;6924,96;0,08;1;2;1
2022-02-21;3;126;34,29;4320,54;0,02;2;1;2
2022-02-21;4;152;58,85;8945,2;0,16;0;3;3
2022-02-21;5;158;49,78;7865,24;0,15;2;2;3
2022-02-21;6;156;42,00;6552;0,15;0;1;2
2022-02-21;7;138;16,41;2264,58;0,07;2;2;3
2022-02-21;8;144;57,06;8216,64;0,06;1;3;3
2022-02-21;9;154;55,08;8482,32;0,23;2;2;1
2022-02-21;10;140;29,19;4086,6;0,04;2;3;3
2022-02-21;11;156;51,83;8085,48;0,06;1;1;1
2022-02-21;12;156;32,06;5001,36;0,02;1;1;2
2022-02-21;13;147;45,13;6634,11;0,24;1;1;3
2022-02-21;14;148;40,48;5991,04;0,03;2;3;1
2022-02-21;15;137;36,46;4995,02;0,22;1;3;3
2022-02-21;16;142;53,71;7626,82;0,04;1;1;3
2022-02-28;1;137;33,72;4619,64;0,09;1;1;2
2022-02-28;2;165;45,89;7571,85;0,22;3;3;2
2022-02-28;3;144;11,24;1618,56;0,09;3;1;2
2022-02-28;4;142;25,13;3568,46;0,15;1;2;3
2022-02-28;5;158;43,71;6906,18;0,05;4;1;3
2022-02-28;6;141;14,50;2044,5;0,14;0;1;1
2022-02-28;7;135;24,08;3250,8;0,15;2;3;1
2022-02-28;8;160;22,27;3563,2;0,24;0;3;3
2022-02-28;9;167;57,36;9579,12;0,09;1;3;2
2022-02-28;10;158;25,90;4092,2;0,14;2;3;2
2022-02-28;11;119;32,90;3915,1;0,03;1;3;3
2022-02-28;12;139;19,88;2763,32;0,14;0;3;1
2022-02-28;13;179;45,42;8130,18;0,02;0;1;1
2022-02-28;14;150;57,58;8637;0,24;2;2;1
2022-02-28;15;154;27,81;4282,74;0,24;2;2;1
2022-02-28;16;153;12,33;1886,49;0,24;1;1;1
2022-03-07;1;148;51,85;7673,8;0,01;3;2;2
2022-03-07;2;135;46,49;6276,15;0,04;1;3;1
2022-03-07;3;143;52,96;7573,28;0,10;1;2;1
2022-03-07;4;137;53,58;7340,46;0,09;4;2;2
2022-03-07;5;176;18,87;3321,12;0,22;1;1;1
2022-03-07;6;153;16,67;2550,51;0,03;3;2;2
2022-03-07;7;159;48,46;7705,14;0,11;2;3;2
2022-03-07;8;145;46,45;6735,25;0,10;4;2;3
2022-03-07;9;144;56,65;8157,6;0,06;2;2;3
2022-03-07;10;148;32,51;4811,48;0,19;1;2;2
2022-03-07;11;139;31,27;4346,53;0,19;2;3;2
2022-03-07;12;157;34,07;5348,99;0,01;3;1;2
2022-03-07;13;155;49,39;7655,45;0,06;2;2;3
2022-03-07;14;157;37,27;5851,39;0,04;1;3;2
2022-03-07;15;167;51,98;8680,66;0,15;1;2;3
2022-03-07;16;153;29,93;4579,29;0,03;1;2;3
2022-03-14;1;128;30,80;3942,4;0,08;3;1;3
2022-03-14;2;145;36,51;5293,95;0,18;1;1;2
2022-03-14;3;175;51,57;9024,75;0,09;0;1;3
2022-03-14;4;156;33,76;5266,56;0,05;2;1;1
2022-03-14;5;163;34,79;5670,77;0,23;3;3;3
2022-03-14;6;161;37,25;5997,25;0,06;1;3;2
2022-03-14;7;149;54,80;8165,2;0,10;0;1;3
2022-03-14;8;165;41,09;6779,85;0,01;1;2;1
2022-03-14;9;147;55,25;8121,75;0,22;1;3;2
2022-03-14;10;129;26,82;3459,78;0,17;0;1;2
2022-03-14;11;134;20,62;2763,08;0,21;0;1;3
2022-03-14;12;148;19,13;2831,24;0,15;2;2;3
2022-03-14;13;143;40,17;5744,31;0,10;1;1;3
2022-03-14;14;153;30,14;4611,42;0,09;1;3;2
2022-03-14;15;160;57,02;9123,2;0,07;1;3;1
2022-03-14;16;161;37,35;6013,35;0,01;1;2;3
2022-03-21;1;143;43,81;6264,83;0,09;1;2;3
2022-03-21;2;136;26,76;3639,36;0,01;1;3;3
2022-03-21;3;165;47,00;7755;0,16;1;1;3
2022-03-21;4;135;52,73;7118,55;0,17;0;2;2
2022-03-21;5;139;38,52;5354,28;0,19;0;2;2
2022-03-21;6;164;44,50;7298;0,24;0;1;3
2022-03-21;7;169;29,65;5010,85;0,21;3;3;3
2022-03-21;8;150;45,41;6811,5;0,21;0;3;1
2022-03-21;9;162;32,53;5269,86;0,11;1;1;2
2022-03-21;10;176;57,66;10148,16;0,05;2;2;1
2022-03-21;11;162;40,35;6536,7;0,14;3;2;3
2022-03-21;12;163;52,43;8546,09;0,10;1;2;1
2022-03-21;13;166;50,42;8369,72;0,07;0;3;2
2022-03-21;14;150;47,72;7158;0,07;1;2;1
2022-03-21;15;130;49,07;6379,1;0,04;2;3;3
2022-03-21;16;171;50,55;8644,05;0,03;1;2;3
2022-03-28;1;168;41,98;7052,64;0,17;1;2;3
2022-03-28;2;156;54,99;8578,44;0,08;1;1;2
2022-03-28;3;166;35,75;5934,5;0,03;1;3;3
2022-03-28;4;156;51,82;8083,92;0,24;3;1;3
2022-03-28;5;146;27,57;4025,22;0,04;0;1;2
2022-03-28;6;146;21,95;3204,7;0,05;4;2;2
2022-03-28;7;143;55,89;7992,27;0,03;1;1;2
2022-03-28;8;142;12,50;1775;0,03;0;1;2
2022-03-28;9;160;27,14;4342,4;0,10;4;3;1
2022-03-28;10;170;54,23;9219,1;0,08;1;2;1
2022-03-28;11;154;34,08;5248,32;0,10;5;2;1
2022-03-28;12;163;46,36;7556,68;0,07;0;1;3
2022-03-28;13;145;10,83;1570,35;0,20;1;3;1
2022-03-28;14;153;18,75;2868,75;0,22;2;1;1
2022-03-28;15;145;52,92;7673,4;0,25;2;1;1
2022-03-28;16;161;27,77;4470,97;0,14;3;2;3
2022-04-04;1;157;26,84;4213,88;0,04;1;2;1
2022-04-04;2;169;20,99;3547,31;0,08;2;2;3
2022-04-04;3;151;18,21;2749,71;0,06;1;2;3
2022-04-04;4;149;46,46;6922,54;0,08;2;2;3
2022-04-04;5;142;48,61;6902,62;0,23;1;3;1
2022-04-04;6;144;56,36;8115,84;0,23;0;1;1
2022-04-04;7;134;15,33;2054,22;0,09;0;1;1
2022-04-04;8;153;15,87;2428,11;0,17;1;1;1
2022-04-04;9;138;13,80;1904,4;0,17;1;1;2
2022-04-04;10;143;53,23;7611,89;0,12;1;2;3
2022-04-04;11;152;19,63;2983,76;0,19;0;1;3
2022-04-04;12;132;20,44;2698,08;0,08;1;1;1
2022-04-04;13;148;41,17;6093,16;0,16;2;1;3
2022-04-04;14;142;31,90;4529,8;0,08;4;3;3
2022-04-04;15;162;10,28;1665,36;0,01;1;2;3
2022-04-04;16;133;52,90;7035,7;0,18;0;2;3
2022-04-11;1;146;50,51;7374,46;0,21;3;3;2
2022-04-11;2;150;15,59;2338,5;0,14;1;3;2
2022-04-11;3;148;22,85;3381,8;0,01;0;1;3
2022-04-11;4;103;15,52;1598,56;0,06;0;1;1
2022-04-11;5;134;52,90;7088,6;0,17;1;2;3
2022-04-11;6;152;46,41;7054,32;0,17;3;2;3
2022-04-11;7;166;31,49;5227,34;0,16;3;1;3
2022-04-11;8;137;53,60;7343,2;0,06;1;1;1
2022-04-11;9;134;18,86;2527,24;0,09;1;2;2
2022-04-11;10;133;12,59;1674,47;0,01;0;2;3
2022-04-11;11;138;22,03;3040,14;0,13;1;3;3
2022-04-11;12;139;25,48;3541,72;0,23;2;1;1
2022-04-11;13;148;50,90;7533,2;0,07;1;3;2
2022-04-11;14;174;12,11;2107,14;0,11;3;3;1
2022-04-11;15;151;39,43;5953,93;0,19;0;2;1
2022-04-11;16;137;39,68;5436,16;0,22;2;2;1
2022-04-18;1;169;25,71;4344,99;0,24;1;3;2
2022-04-18;2;160;16,00;2560;0,13;1;1;1
2022-04-18;3;161;55,53;8940,33;0,00;3;2;1
2022-04-18;4;174;16,51;2872,74;0,02;0;2;2
2022-04-18;5;155;59,35;9199,25;0,10;1;2;1
2022-04-18;6;154;56,84;8753,36;0,20;1;2;2
2022-04-18;7;155;34,53;5352,15;0,05;0;3;2
2022-04-18;8;132;24,89;3285,48;0,14;1;2;1
2022-04-18;9;156;16,20;2527,2;0,12;1;1;3
2022-04-18;10;142;54,79;7780,18;0,17;0;1;2
2022-04-18;11;157;45,09;7079,13;0,19;2;3;2
2022-04-18;12;149;10,55;1571,95;0,23;2;1;1
2022-04-18;13;140;51,15;7161;0,06;0;3;1
2022-04-18;14;166;11,05;1834,3;0,12;1;2;2
2022-04-18;15;157;13,87;2177,59;0,04;1;3;3
2022-04-18;16;137;30,80;4219,6;0,02;1;2;3
2022-04-25;1;130;21,98;2857,4;0,21;3;1;2
2022-04-25;2;163;23,62;3850,06;0,14;2;1;3
2022-04-25;3;163;43,92;7158,96;0,24;1;3;3
2022-04-25;4;164;19,81;3248,84;0,14;1;3;1
2022-04-25;5;167;22,89;3822,63;0,19;0;2;1
2022-04-25;6;143;41,13;5881,59;0,04;3;2;2
2022-04-25;7;148;33,39;4941,72;0,07;0;1;1
2022-04-25;8;132;39,46;5208,72;0,07;0;2;2
2022-04-25;9;131;58,00;7598;0,01;4;1;2
2022-04-25;10;143;25,85;3696,55;0,16;0;3;3
2022-04-25;11;140;36,43;5100,2;0,23;1;3;2
2022-04-25;12;166;58,96;9787,36;0,24;1;1;3
2022-04-25;13;167;20,53;3428,51;0,16;0;1;3
2022-04-25;14;164;13,54;2220,56;0,10;2;3;3
2022-04-25;15;148;47,46;7024,08;0,14;1;1;1
2022-04-25;16;143;26,93;3850,99;0,19;1;2;1
2022-05-02;1;166;21,91;3637,06;0,21;2;2;3
2022-05-02;2;138;27,89;3848,82;0,21;1;3;3
2022-05-02;3;158;29,80;4708,4;0,25;3;3;2
2022-05-02;4;136;26,49;3602,64;0,16;2;2;3
2022-05-02;5;159;50,54;8035,86;0,11;0;3;1
2022-05-02;6;152;49,65;7546,8;0,14;2;1;2
2022-05-02;7;173;26,57;4596,61;0,24;3;1;1
2022-05-02;8;143;30,75;4397,25;0,04;4;1;2
2022-05-02;9;147;19,47;2862,09;0,14;0;1;2
2022-05-02;10;160;41,28;6604,8;0,01;1;3;3
2022-05-02;11;128;41,37;5295,36;0,14;1;3;3
2022-05-02;12;152;22,23;3378,96;0,03;3;2;1
2022-05-02;13;154;18,86;2904,44;0,22;2;2;1
2022-05-02;14;156;23,10;3603,6;0,24;3;1;1
2022-05-02;15;143;47,95;6856,85;0,07;1;1;3
2022-05-02;16;137;46,14;6321,18;0,07;2;2;3
2022-05-09;1;149;49,45;7368,05;0,19;1;1;1
2022-05-09;2;148;58,70;8687,6;0,08;3;3;3
2022-05-09;3;156;40,67;6344,52;0,07;1;3;2
2022-05-09;4;133;27,38;3641,54;0,19;1;3;3
2022-05-09;5;132;40,07;5289,24;0,24;2;1;2
2022-05-09;6;137;42,42;5811,54;0,01;0;2;1
2022-05-09;7;134;31,48;4218,32;0,12;0;2;1
2022-05-09;8;156;24,72;3856,32;0,00;0;1;3
2022-05-09;9;146;28,84;4210,64;0,16;1;2;1
2022-05-09;10;140;40,70;5698;0,22;2;1;2
2022-05-09;11;152;28,25;4294;0,22;0;3;1
2022-05-09;12;157;40,28;6323,96;0,12;0;2;1
2022-05-09;13;142;37,50;5325;0,10;0;1;1
2022-05-09;14;158;40,70;6430,6;0,13;1;3;1
2022-05-09;15;153;57,06;8730,18;0,15;1;3;1
2022-05-09;16;148;18,08;2675,84;0,07;2;3;3
2022-05-16;1;143;16,52;2362,36;0,19;0;2;1
2022-05-16;2;153;21,63;3309,39;0,15;1;1;2
2022-05-16;3;155;34,56;5356,8;0,17;0;1;3
2022-05-16;4;144;13,67;1968,48;0,05;1;1;1
2022-05-16;5;161;26,77;4309,97;0,02;2;2;3
2022-05-16;6;141;58,86;8299,26;0,03;0;1;3
2022-05-16;7;149;48,59;7239,91;0,22;1;2;1
2022-05-16;8;172;15,67;2695,24;0,01;0;2;1
2022-05-16;9;156;48,81;7614,36;0,13;3;1;3
2022-05-16;10;153;38,06;5823,18;0,13;3;2;1
2022-05-16;11;160;48,84;7814,4;0,09;0;2;1
2022-05-16;12;145;15,96;2314,2;0,23;0;1;3
2022-05-16;13;173;26,49;4582,77;0,10;2;1;1
2022-05-16;14;154;29,46;4536,84;0,12;5;2;2
2022-05-16;15;139;24,59;3418,01;0,19;2;1;2
2022-05-16;16;142;10,57;1500,94;0,11;1;3;1
2022-05-23;1;141;34,55;4871,55;0,15;0;1;3
2022-05-23;2;146;39,48;5764,08;0,09;2;2;1
2022-05-23;3;170;35,26;5994,2;0,24;0;3;1
2022-05-23;4;158;43,98;6948,84;0,09;1;3;1
2022-05-23;5;157;30,98;4863,86;0,05;0;3;2
2022-05-23;6;187;39,37;7362,19;0,05;3;3;1
2022-05-23;7;161;55,60;8951,6;0,05;2;2;2
2022-05-23;8;180;15,28;2750,4;0,05;2;1;2
2022-05-23;9;161;42,99;6921,39;0,08;1;1;3
2022-05-23;10;156;50,60;7893,6;0,04;2;1;2
2022-05-23;11;126;42,81;5394,06;0,21;0;2;3
2022-05-23;12;144;20,58;2963,52;0,20;2;3;1
2022-05-23;13;135;48,74;6579,9;0,08;2;3;3
2022-05-23;14;122;17,63;2150,86;0,21;1;1;2
2022-05-23;15;142;12,51;1776,42;0,10;1;2;3
2022-05-23;16;142;47,55;6752,1;0,02;2;2;3
2022-05-30;1;151;25,65;3873,15;0,14;1;2;2
2022-05-30;2;150;20,28;3042;0,19;1;2;3
2022-05-30;3;181;44,14;7989,34;0,24;2;3;2
2022-05-30;4;166;28,01;4649,66;0,15;0;2;3
2022-05-30;5;151;47,19;7125,69;0,13;1;1;3
2022-05-30;6;127;20,86;2649,22;0,24;4;3;2
2022-05-30;7;156;20,70;3229,2;0,24;0;2;1
2022-05-30;8;131;38,66;5064,46;0,20;1;2;2
2022-05-30;9;135;43,95;5933,25;0,21;1;3;3
2022-05-30;10;153;42,30;6471,9;0,25;0;3;2
2022-05-30;11;167;22,60;3774,2;0,24;1;3;3
2022-05-30;12;144;22,22;3199,68;0,21;2;3;3
2022-05-30;13;170;16,06;2730,2;0,00;2;1;3
2022-05-30;14;143;49,09;7019,87;0,00;2;1;2
2022-05-30;15;143;21,32;3048,76;0,12;1;3;3
2022-05-30;16;142;48,11;6831,62;0,25;2;3;3
2022-06-06;1;142;20,88;2964,96;0,03;1;3;3
2022-06-06;2;154;44,01;6777,54;0,07;1;1;3
2022-06-06;3;157;20,63;3238,91;0,09;1;3;3
2022-06-06;4;130;52,66;6845,8;0,05;0;1;2
2022-06-06;5;159;29,67;4717,53;0,02;1;3;2
2022-06-06;6;161;20,35;3276,35;0,08;0;1;3
2022-06-06;7;156;48,27;7530,12;0,21;3;2;3
2022-06-06;8;156;59,12;9222,72;0,17;4;1;2
2022-06-06;9;138;26,07;3597,66;0,25;0;3;1
2022-06-06;10;151;31,63;4776,13;0,12;5;2;1
2022-06-06;11;147;12,73;1871,31;0,21;2;3;3
2022-06-06;12;147;39,58;5818,26;0,00;0;3;2
2022-06-06;13;154;19,59;3016,86;0,16;0;2;1
2022-06-06;14;143;39,01;5578,43;0,17;2;2;3
2022-06-06;15;141;13,93;1964,13;0,11;3;2;3
2022-06-06;16;139;15,04;2090,56;0,15;2;2;1
2022-06-13;1;155;34,32;5319,6;0,03;1;1;3
2022-06-13;2;156;36,55;5701,8;0,17;2;2;3
2022-06-13;3;167;48,93;8171,31;0,06;2;3;2
2022-06-13;4;169;48,96;8274,24;0,18;0;1;3
2022-06-13;5;153;58,37;8930,61;0,20;0;3;2
2022-06-13;6;133;27,24;3622,92;0,01;1;1;2
2022-06-13;7;146;50,10;7314,6;0,23;2;2;3
2022-06-13;8;163;23,18;3778,34;0,05;2;3;1
2022-06-13;9;177;54,07;9570,39;0,16;1;3;1
2022-06-13;10;147;11,57;1700,79;0,17;1;1;1
2022-06-13;11;152;23,87;3628,24;0,12;1;2;2
2022-06-13;12;146;32,56;4753,76;0,15;3;2;3
2022-06-13;13;141;23,05;3250,05;0,07;3;2;1
2022-06-13;14;155;16,77;2599,35;0,04;2;2;3
2022-06-13;15;159;57,03;9067,77;0,05;1;3;3
2022-06-13;16;140;55,73;7802,2;0,14;2;1;2
2022-06-20;1;150;13,21;1981,5;0,13;2;1;2
2022-06-20;2;139;50,53;7023,67;0,10;2;3;2
2022-06-20;3;147;48,20;7085,4;0,25;1;3;2
2022-06-20;4;147;20,20;2969,4;0,17;3;2;2
2022-06-20;5;146;24,25;3540,5;0,11;1;2;1
2022-06-20;6;140;10,39;1454,6;0,13;2;2;2
2022-06-20;7;141;43,45;6126,45;0,16;1;1;1
2022-06-20;8;144;47,92;6900,48;0,08;0;1;2
2022-06-20;9;128;39,14;5009,92;0,01;1;2;1
2022-06-20;10;160;48,17;7707,2;0,19;1;2;1
2022-06-20;11;158;29,87;4719,46;0,05;1;3;1
2022-06-20;12;171;18,65;3189,15;0,17;1;3;3
2022-06-20;13;153;35,75;5469,75;0,20;2;2;3
2022-06-20;14;154;51,80;7977,2;0,23;0;1;1
2022-06-20;15;150;47,73;7159,5;0,18;0;1;2
2022-06-20;16;166;49,86;8276,76;0,11;1;3;2
2022-06-27;1;136;43,09;5860,24;0,14;0;3;3
2022-06-27;2;133;47,19;6276,27;0,18;0;3;3
2022-06-27;3;152;55,19;8388,88;0,23;2;3;2
2022-06-27;4;172;51,43;8845,96;0,14;1;3;3
2022-06-27;5;139;41,42;5757,38;0,04;1;3;1
2022-06-27;6;149;39,43;5875,07;0,23;2;2;1
2022-06-27;7;156;34,40;5366,4;0,05;3;3;1
2022-06-27;8;140;47,50;6650;0,04;1;2;1
2022-06-27;9;137;42,83;5867,71;0,21;1;2;3
2022-06-27;10;166;26,27;4360,82;0,04;2;3;2
2022-06-27;11;147;48,08;7067,76;0,14;2;1;2
2022-06-27;12;174;27,96;4865,04;0,18;2;2;2
2022-06-27;13;137;33,39;4574,43;0,10;0;1;1
2022-06-27;14;172;34,07;5860,04;0,17;3;1;2
2022-06-27;15;134;37,14;4976,76;0,20;0;3;2
2022-06-27;16;145;18,72;2714,4;0,20;4;2;1
2022-07-04;1;147;51,19;7524,93;0,12;2;3;2
2022-07-04;2;148;12,90;1909,2;0,17;0;2;2
2022-07-04;3;163;21,85;3561,55;0,08;1;2;2
2022-07-04;4;153;39,62;6061,86;0,07;0;3;3
2022-07-04;5;147;17,34;2548,98;0,14;0;3;2
2022-07-04;6;154;19,78;3046,12;0,19;0;2;1
2022-07-04;7;145;27,62;4004,9;0,04;1;1;3
2022-07-04;8;147;42,83;6296,01;0,23;1;3;1
2022-07-04;9;138;52,70;7272,6;0,14;1;2;2
2022-07-04;10;135;23,92;3229,2;0,24;3;3;2
2022-07-04;11;129;21,25;2741,25;0,10;3;1;3
2022-07-04;12;151;20,39;3078,89;0,20;2;3;2
2022-07-04;13;149;26,71;3979,79;0,24;1;1;1
2022-07-04;14;146;48,95;7146,7;0,09;0;1;3
2022-07-04;15;153;45,64;6982,92;0,22;1;3;2
2022-07-04;16;148;43,32;6411,36;0,14;0;3;1
2022-07-11;1;160;37,65;6024;0,12;0;1;1
2022-07-11;2;129;25,54;3294,66;0,24;2;3;1
2022-07-11;3;156;18,37;2865,72;0,24;1;3;1
2022-07-11;4;132;53,70;7088,4;0,22;0;3;3
2022-07-11;5;167;11,95;1995,65;0,21;3;1;1
2022-07-11;6;153;50,66;7750,98;0,20;3;3;1
2022-07-11;7;152;59,81;9091,12;0,03;3;1;3
2022-07-11;8;150;40,65;6097,5;0,01;1;1;1
2022-07-11;9;166;31,32;5199,12;0,23;1;2;1
2022-07-11;10;145;35,97;5215,65;0,16;2;1;3
2022-07-11;11;148;36,69;5430,12;0,08;2;1;1
2022-07-11;12;158;12,83;2027,14;0,04;1;3;3
2022-07-11;13;142;10,92;1550,64;0,19;1;2;2
2022-07-11;14;143;20,80;2974,4;0,22;0;3;2
2022-07-11;15;148;40,79;6036,92;0,07;1;3;2
2022-07-11;16;168;59,91;10064,88;0,00;0;1;2
2022-07-18;1;163;13,04;2125,52;0,06;1;1;1
2022-07-18;2;159;21,88;3478,92;0,13;4;2;2
2022-07-18;3;162;59,11;9575,82;0,18;0;1;3
2022-07-18;4;116;46,39;5381,24;0,05;1;2;2
2022-07-18;5;131;27,20;3563,2;0,23;3;2;2
2022-07-18;6;151;15,51;2342,01;0,10;4;1;3
2022-07-18;7;157;28,32;4446,24;0,01;4;3;2
2022-07-18;8;145;44,46;6446,7;0,25;4;1;1
2022-07-18;9;136;38,28;5206,08;0,16;2;2;3
2022-07-18;10;155;37,00;5735;0,10;4;1;1
2022-07-18;11;153;57,66;8821,98;0,17;2;3;1
2022-07-18;12;138;22,74;3138,12;0,08;1;3;3
2022-07-18;13;147;12,12;1781,64;0,17;1;2;1
2022-07-18;14;148;51,38;7604,24;0,11;2;2;3
2022-07-18;15;147;18,85;2770,95;0,14;4;2;2
2022-07-18;16;151;30,37;4585,87;0,25;2;2;3
2022-07-25;1;142;51,04;7247,68;0,07;2;2;2
2022-07-25;2;142;58,70;8335,4;0,09;2;2;3
2022-07-25;3;154;55,73;8582,42;0,17;1;1;1
2022-07-25;4;165;37,21;6139,65;0,24;2;1;2
2022-07-25;5;163;51,97;8471,11;0,24;1;2;1
2022-07-25;6;137;45,09;6177,33;0,06;0;3;1
2022-07-25;7;157;19,63;3081,91;0,09;0;1;3
2022-07-25;8;132;59,88;7904,16;0,04;0;3;3
2022-07-25;9;144;20,24;2914,56;0,08;0;2;2
2022-07-25;10;160;41,75;6680;0,10;3;2;1
2022-07-25;11;188;21,15;3976,2;0,13;0;2;2
2022-07-25;12;148;36,10;5342,8;0,08;1;3;3
2022-07-25;13;181;42,74;7735,94;0,01;0;1;3
2022-07-25;14;152;11,12;1690,24;0,04;2;1;1
2022-07-25;15;157;43,41;6815,37;0,05;2;3;2
2022-07-25;16;147;59,75;8783,25;0,23;0;1;2
2022-08-01;1;167;57,65;9627,55;0,07;1;2;2
2022-08-01;2;130;46,34;6024,2;0,24;1;3;3
2022-08-01;3;158;23,14;3656,12;0,01;0;1;3
2022-08-01;4;145;13,12;1902,4;0,04;0;3;1
2022-08-01;5;170;36,88;6269,6;0,15;2;3;1
2022-08-01;6;131;12,56;1645,36;0,10;0;2;1
2022-08-01;7;152;36,61;5564,72;0,11;1;3;2
2022-08-01;8;164;46,71;7660,44;0,19;1;1;1
2022-08-01;9;142;14,66;2081,72;0,01;0;1;2
2022-08-01;10;137;52,46;7187,02;0,06;3;3;1
2022-08-01;11;164;13,63;2235,32;0,14;2;1;3
2022-08-01;12;150;19,30;2895;0,00;1;1;1
2022-08-01;13;152;35,23;5354,96;0,23;2;2;3
2022-08-01;14;164;52,77;8654,28;0,17;0;2;1
2022-08-01;15;138;11,61;1602,18;0,12;1;3;1
2022-08-01;16;156;28,02;4371,12;0,11;5;2;3
2022-08-08;1;148;30,59;4527,32;0,18;0;3;3
2022-08-08;2;141;31,62;4458,42;0,21;0;1;1
2022-08-08;3;156;21,85;3408,6;0,17;4;1;2
2022-08-08;4;183;15,02;2748,66;0,04;2;1;1
2022-08-08;5;158;26,80;4234,4;0,04;2;2;2
2022-08-08;6;149;32,07;4778,43;0,08;1;1;2
2022-08-08;7;139;14,74;2048,86;0,09;0;3;2
2022-08-08;8;137;26,27;3598,99;0,17;2;2;1
2022-08-08;9;153;11,07;1693,71;0,18;4;1;1
2022-08-08;10;165;26,34;4346,1;0,04;2;3;2
2022-08-08;11;158;36,98;5842,84;0,17;1;3;2
2022-08-08;12;165;13,23;2182,95;0,16;1;3;3
2022-08-08;13;152;53,95;8200,4;0,10;1;2;3
2022-08-08;14;140;15,71;2199,4;0,14;0;3;3
2022-08-08;15;144;58,56;8432,64;0,18;1;1;3
2022-08-08;16;131;20,67;2707,77;0,13;2;1;2
2022-08-15;1;154;37,05;5705,7;0,23;4;1;1
2022-08-15;2;150;32,98;4947;0,05;2;3;3
2022-08-15;3;150;19,88;2982;0,12;3;3;2
2022-08-15;4;152;26,95;4096,4;0,14;1;1;1
2022-08-15;5;156;34,67;5408,52;0,07;1;1;2
2022-08-15;6;182;25,56;4651,92;0,13;3;2;1
2022-08-15;7;147;52,82;7764,54;0,08;1;2;1
2022-08-15;8;145;12,22;1771,9;0,08;2;2;1
2022-08-15;9;152;37,00;5624;0,05;1;3;2
2022-08-15;10;150;23,04;3456;0,22;2;3;3
2022-08-15;11;166;22,87;3796,42;0,10;1;1;1
2022-08-15;12;145;41,06;5953,7;0,04;3;1;1
2022-08-15;13;162;52,64;8527,68;0,06;0;3;2
2022-08-15;14;154;38,36;5907,44;0,22;4;1;1
2022-08-15;15;155;14,19;2199,45;0,04;2;3;3
2022-08-15;16;148;25,43;3763,64;0,15;0;3;3
2022-08-22;1;154;13,19;2031,26;0,08;1;3;3
2022-08-22;2;167;18,83;3144,61;0,14;1;1;2
2022-08-22;3;121;59,40;7187,4;0,16;1;1;1
2022-08-22;4;149;27,24;4058,76;0,16;3;2;1
2022-08-22;5;137;16,08;2202,96;0,05;0;1;2
2022-08-22;6;135;32,97;4450,95;0,02;4;3;1
2022-08-22;7;167;56,67;9463,89;0,06;3;1;1
2022-08-22;8;157;49,85;7826,45;0,09;2;1;2
2022-08-22;9;141;15,40;2171,4;0,23;1;1;1
2022-08-22;10;151;58,00;8758;0,08;2;2;1
2022-08-22;11;165;28,91;4770,15;0,19;3;2;3
2022-08-22;12;160;54,42;8707,2;0,10;2;1;1
2022-08-22;13;163;49,23;8024,49;0,15;3;1;1
2022-08-22;14;137;51,64;7074,68;0,00;0;3;1
2022-08-22;15;145;42,89;6219,05;0,15;1;1;1
2022-08-22;16;164;32,12;5267,68;0,04;2;1;1
2022-08-29;1;141;33,56;4731,96;0,01;0;3;3
2022-08-29;2;157;53,24;8358,68;0,17;0;2;3
2022-08-29;3;154;49,05;7553,7;0,25;1;1;1
2022-08-29;4;157;31,88;5005,16;0,21;0;1;1
2022-08-29;5;141;45,61;6431,01;0,09;3;1;2
2022-08-29;6;131;45,45;5953,95;0,06;2;1;1
2022-08-29;7;136;16,05;2182,8;0,23;1;1;3
2022-08-29;8;162;39,63;6420,06;0,12;4;3;2
2022-08-29;9;159;12,32;1958,88;0,14;1;2;1
2022-08-29;10;172;23,49;4040,28;0,10;1;1;2
2022-08-29;11;134;37,91;5079,94;0,22;2;2;3
2022-08-29;12;142;14,16;2010,72;0,23;1;3;2
2022-08-29;13;146;33,03;4822,38;0,06;1;2;2
2022-08-29;14;162;25,21;4084,02;0,12;3;2;2
2022-08-29;15;139;39,13;5439,07;0,14;3;1;2
2022-08-29;16;131;36,91;4835,21;0,20;0;1;1
2022-09-05;1;162;19,45;3150,9;0,19;0;2;3
2022-09-05;2;150;27,82;4173;0,15;1;3;1
2022-09-05;3;147;21,34;3136,98;0,11;4;1;3
2022-09-05;4;165;11,49;1895,85;0,23;2;2;3
2022-09-05;5;151;25,73;3885,23;0,12;4;3;1
2022-09-05;6;156;16,66;2598,96;0,05;2;2;1
2022-09-05;7;142;57,21;8123,82;0,04;0;2;3
2022-09-05;8;140;31,10;4354;0,23;3;3;3
2022-09-05;9;148;37,75;5587;0,06;0;2;2
2022-09-05;10;175;19,92;3486;0,12;2;2;2
2022-09-05;11;146;21,42;3127,32;0,11;1;2;3
2022-09-05;12;167;16,68;2785,56;0,12;2;2;3
2022-09-05;13;132;10,89;1437,48;0,01;1;3;1
2022-09-05;14;142;40,11;5695,62;0,11;1;2;2
2022-09-05;15;150;54,64;8196;0,25;0;1;1
2022-09-05;16;133;43,05;5725,65;0,17;2;3;3
2022-09-12;1;159;40,64;6461,76;0,17;1;3;1
2022-09-12;2;149;37,87;5642,63;0,16;2;2;3
2022-09-12;3;158;35,99;5686,42;0,17;1;2;2
2022-09-12;4;140;38,00;5320;0,15;4;3;3
2022-09-12;5;145;20,09;2913,05;0,02;2;1;2
2022-09-12;6;140;44,39;6214,6;0,12;3;2;2
2022-09-12;7;148;54,80;8110,4;0,22;0;1;3
2022-09-12;8;152;54,44;8274,88;0,11;1;2;2
2022-09-12;9;175;52,18;9131,5;0,13;3;2;1
2022-09-12;10;137;59,19;8109,03;0,07;2;2;2
2022-09-12;11;150;48,15;7222,5;0,04;2;3;2
2022-09-12;12;130;24,59;3196,7;0,06;0;2;1
2022-09-12;13;176;47,08;8286,08;0,12;2;2;1
2022-09-12;14;132;22,35;2950,2;0,24;2;3;1
2022-09-12;15;147;49,27;7242,69;0,03;0;2;3
2022-09-12;16;139;49,35;6859,65;0,08;0;1;2
2022-09-19;1;149;21,08;3140,92;0,05;4;1;1
2022-09-19;2;162;20,60;3337,2;0,09;1;3;2
2022-09-19;3;158;55,48;8765,84;0,21;0;2;2
2022-09-19;4;166;14,04;2330,64;0,16;2;2;3
2022-09-19;5;131;59,64;7812,84;0,17;2;3;2
2022-09-19;6;139;23,85;3315,15;0,06;0;1;1
2022-09-19;7;138;26,41;3644,58;0,21;0;2;1
2022-09-19;8;149;34,08;5077,92;0,01;4;3;1
2022-09-19;9;161;14,33;2307,13;0,15;2;3;1
2022-09-19;10;138;50,71;6997,98;0,19;2;3;2
2022-09-19;11;147;49,53;7280,91;0,17;5;3;3
2022-09-19;12;142;21,13;3000,46;0,18;0;3;1
2022-09-19;13;159;22,54;3583,86;0,06;2;1;2
2022-09-19;14;160;52,61;8417,6;0,24;2;1;1
2022-09-19;15;170;54,73;9304,1;0,00;4;2;2
2022-09-19;16;149;16,36;2437,64;0,10;1;2;2
2022-09-26;1;142;50,29;7141,18;0,00;1;1;3
2022-09-26;2;137;22,71;3111,27;0,06;1;2;3
2022-09-26;3;155;18,78;2910,9;0,06;4;3;3
2022-09-26;4;146;22,08;3223,68;0,12;0;1;2
2022-09-26;5;146;44,38;6479,48;0,25;1;2;2
2022-09-26;6;154;51,58;7943,32;0,12;2;1;1
2022-09-26;7;134;23,95;3209,3;0,04;1;3;2
2022-09-26;8;134;32,81;4396,54;0,13;0;1;1
2022-09-26;9;135;59,25;7998,75;0,02;1;2;3
2022-09-26;10;166;53,79;8929,14;0,13;1;1;2
2022-09-26;11;143;25,29;3616,47;0,22;2;2;1
2022-09-26;12;156;22,86;3566,16;0,15;1;1;1
2022-09-26;13;161;42,16;6787,76;0,22;1;3;1
2022-09-26;14;127;27,30;3467,1;0,17;3;3;1
2022-09-26;15;149;42,73;6366,77;0,03;1;1;3
2022-09-26;16;171;10,67;1824,57;0,05;2;2;1
2022-10-03;1;160;24,61;3937,6;0,23;2;2;2
2022-10-03;2;157;16,14;2533,98;0,24;0;1;3
2022-10-03;3;141;40,93;5771,13;0,21;1;3;2
2022-10-03;4;146;11,81;1724,26;0,21;1;3;1
2022-10-03;5;164;39,01;6397,64;0,22;1;2;1
2022-10-03;6;159;46,82;7444,38;0,23;1;2;2
2022-10-03;7;137;22,32;3057,84;0,04;1;1;3
2022-10-03;8;137;11,80;1616,6;0,21;1;1;1
2022-10-03;9;145;13,51;1958,95;0,25;2;2;1
2022-10-03;10;137;48,17;6599,29;0,11;3;1;3
2022-10-03;11;135;14,67;1980,45;0,05;0;3;1
2022-10-03;12;171;31,37;5364,27;0,13;3;2;1
2022-10-03;13;129;42,33;5460,57;0,09;0;3;1
2022-10-03;14;153;11,75;1797,75;0,19;2;1;3
2022-10-03;15;160;20,21;3233,6;0,14;2;3;2
2022-10-03;16;168;19,76;3319,68;0,15;1;2;2
2022-10-10;1;133;22,93;3049,69;0,07;4;1;3
2022-10-10;2;146;24,19;3531,74;0,03;0;3;3
2022-10-10;3;128;19,47;2492,16;0,09;2;2;2
2022-10-10;4;147;34,90;5130,3;0,10;2;3;2
2022-10-10;5;128;42,60;5452,8;0,12;2;2;2
2022-10-10;6;171;39,82;6809,22;0,13;5;2;3
2022-10-10;7;141;23,27;3281,07;0,05;3;1;3
2022-10-10;8;135;23,80;3213;0,09;0;1;1
2022-10-10;9;153;42,87;6559,11;0,00;0;1;1
2022-10-10;10;131;50,74;6646,94;0,22;0;1;1
2022-10-10;11;153;24,44;3739,32;0,10;1;3;3
2022-10-10;12;134;17,64;2363,76;0,16;0;2;3
2022-10-10;13;138;13,89;1916,82;0,05;3;2;2
2022-10-10;14;146;39,43;5756,78;0,06;3;2;2
2022-10-10;15;150;30,30;4545;0,25;2;2;3
2022-10-10;16;149;54,01;8047,49;0,24;1;1;2
2022-10-17;1;162;37,28;6039,36;0,04;1;3;1
2022-10-17;2;173;41,62;7200,26;0,15;0;1;3
2022-10-17;3;144;19,36;2787,84;0,20;4;3;2
2022-10-17;4;139;32,75;4552,25;0,19;1;3;1
2022-10-17;5;180;31,01;5581,8;0,24;2;3;3
2022-10-17;6;158;58,73;9279,34;0,17;3;3;2
2022-10-17;7;157;24,52;3849,64;0,08;2;3;2
2022-10-17;8;142;22,47;3190,74;0,20;0;2;3
2022-10-17;9;163;19,35;3154,05;0,14;1;3;1
2022-10-17;10;143;13,17;1883,31;0,25;0;3;1
2022-10-17;11;156;42,30;6598,8;0,09;2;1;1
2022-10-17;12;158;15,70;2480,6;0,16;1;1;3
2022-10-17;13;148;45,24;6695,52;0,08;1;2;3
2022-10-17;14;125;38,39;4798,75;0,09;2;1;1
2022-10-17;15;151;35,57;5371,07;0,16;2;3;2
2022-10-17;16;142;17,83;2531,86;0,16;3;1;2
2022-10-24;1;147;47,83;7031,01;0,21;3;3;2
2022-10-24;2;154;10,77;1658,58;0,03;0;1;3
2022-10-24;3;158;34,82;5501,56;0,12;1;3;1
2022-10-24;4;166;27,62;4584,92;0,19;0;2;3
2022-10-24;5;156;56,61;8831,16;0,22;1;3;1
2022-10-24;6;153;22,89;3502,17;0,02;1;3;2
2022-10-24;7;166;38,09;6322,94;0,11;1;1;1
2022-10-24;8;154;13,06;2011,24;0,12;3;3;1
2022-10-24;9;131;17,68;2316,08;0,19;2;2;2
2022-10-24;10;152;54,42;8271,84;0,19;3;1;1
2022-10-24;11;162;32,90;5329,8;0,22;4;3;3
2022-10-24;12;181;53,67;9714,27;0,10;0;3;1
2022-10-24;13;129;22,49;2901,21;0,12;2;2;1
2022-10-24;14;151;36,97;5582,47;0,13;0;1;3
2022-10-24;15;131;20,25;2652,75;0,22;3;1;2
2022-10-24;16;141;18,77;2646,57;0,20;3;1;3
2022-10-31;1;165;47,93;7908,45;0,02;0;1;2
2022-10-31;2;160;59,78;9564,8;0,02;3;1;1
2022-10-31;3;149;50,86;7578,14;0,23;1;1;3
2022-10-31;4;177;14,10;2495,7;0,11;3;3;1
2022-10-31;5;149;46,48;6925,52;0,05;4;1;3
2022-10-31;6;143;31,12;4450,16;0,04;1;3;1
2022-10-31;7;138;19,35;2670,3;0,12;2;1;2
2022-10-31;8;152;41,83;6358,16;0,17;2;2;3
2022-10-31;9;148;13,49;1996,52;0,21;2;3;1
2022-10-31;10;140;10,63;1488,2;0,05;0;1;2
2022-10-31;11;161;50,68;8159,48;0,00;1;3;1
2022-10-31;12;157;42,49;6670,93;0,02;0;1;1
2022-10-31;13;149;17,29;2576,21;0,05;0;3;2
2022-10-31;14;140;29,76;4166,4;0,16;1;1;2
2022-10-31;15;161;16,33;2629,13;0,01;3;1;2
2022-10-31;16;129;11,11;1433,19;0,16;1;3;1
2022-11-07;1;147;24,84;3651,48;0,04;0;1;3
2022-11-07;2;134;22,03;2952,02;0,08;4;1;1
2022-11-07;3;145;26,23;3803,35;0,05;0;1;2
2022-11-07;4;121;31,18;3772,78;0,05;1;2;1
2022-11-07;5;134;23,58;3159,72;0,09;0;1;2
2022-11-07;6;147;26,44;3886,68;0,22;3;1;3
2022-11-07;7;156;13,78;2149,68;0,12;5;2;2
2022-11-07;8;158;36,16;5713,28;0,23;3;3;2
2022-11-07;9;164;25,23;4137,72;0,01;4;2;3
2022-11-07;10;153;17,46;2671,38;0,21;3;2;3
2022-11-07;11;162;28,30;4584,6;0,08;0;1;3
2022-11-07;12;164;41,54;6812,56;0,13;2;1;1
2022-11-07;13;172;48,67;8371,24;0,01;0;2;3
2022-11-07;14;147;49,46;7270,62;0,13;0;3;1
2022-11-07;15;162;37,73;6112,26;0,20;2;3;3
2022-11-07;16;139;41,41;5755,99;0,18;2;2;1
2022-11-14;1;187;57,55;10761,85;0,13;2;3;2
2022-11-14;2;131;48,47;6349,57;0,18;0;2;1
2022-11-14;3;152;59,79;9088,08;0,22;0;1;1
2022-11-14;4;145;32,11;4655,95;0,16;1;1;1
2022-11-14;5;143;17,28;2471,04;0,21;1;2;2
2022-11-14;6;146;34,83;5085,18;0,14;4;3;2
2022-11-14;7;167;33,66;5621,22;0,24;1;3;3
2022-11-14;8;145;15,72;2279,4;0,19;2;1;3
2022-11-14;9;140;59,27;8297,8;0,09;1;3;2
2022-11-14;10;169;20,74;3505,06;0,22;6;1;1
2022-11-14;11;130;29,53;3838,9;0,13;3;1;3
2022-11-14;12;139;38,09;5294,51;0,00;1;3;3
2022-11-14;13;128;12,00;1536;0,21;0;1;2
2022-11-14;14;144;47,31;6812,64;0,05;0;1;1
2022-11-14;15;158;48,30;7631,4;0,11;1;3;3
2022-11-14;16;148;55,11;8156,28;0,01;1;2;3
2022-11-21;1;167;56,62;9455,54;0,16;4;3;1
2022-11-21;2;160;21,56;3449,6;0,10;0;1;3
2022-11-21;3;150;57,81;8671,5;0,11;2;1;3
2022-11-21;4;175;20,43;3575,25;0,12;1;2;2
2022-11-21;5;146;51,32;7492,72;0,11;1;2;1
2022-11-21;6;150;17,56;2634;0,15;1;2;2
2022-11-21;7;166;26,45;4390,7;0,15;0;1;1
2022-11-21;8;142;27,68;3930,56;0,13;2;2;1
2022-11-21;9;152;25,39;3859,28;0,03;2;1;1
2022-11-21;10;165;30,35;5007,75;0,12;2;3;2
2022-11-21;11;156;46,07;7186,92;0,02;1;3;1
2022-11-21;12;163;17,45;2844,35;0,25;3;2;3
2022-11-21;13;160;19,19;3070,4;0,24;2;1;2
2022-11-21;14;165;26,76;4415,4;0,25;2;3;3
2022-11-21;15;135;34,10;4603,5;0,01;1;1;2
2022-11-21;16;147;27,75;4079,25;0,25;0;1;1
2022-11-28;1;153;46,69;7143,57;0,25;3;1;2
2022-11-28;2;152;51,75;7866;0,23;5;1;1
2022-11-28;3;136;14,45;1965,2;0,07;2;3;2
2022-11-28;4;165;41,55;6855,75;0,13;2;1;1
2022-11-28;5;146;43,86;6403,56;0,17;1;2;1
2022-11-28;6;167;29,06;4853,02;0,19;1;3;3
2022-11-28;7;168;28,47;4782,96;0,22;1;1;3
2022-11-28;8;150;23,83;3574,5;0,16;0;1;3
2022-11-28;9;167;19,54;3263,18;0,17;2;3;2
2022-11-28;10;137;30,45;4171,65;0,17;2;1;1
2022-11-28;11;151;47,90;7232,9;0,15;2;1;2
2022-11-28;12;144;40,75;5868;0,21;1;3;2
2022-11-28;13;139;28,56;3969,84;0,17;1;2;2
2022-11-28;14;164;44,23;7253,72;0,05;5;3;2
2022-11-28;15;164;26,51;4347,64;0,13;0;1;2
2022-11-28;16;151;37,65;5685,15;0,16;1;1;1
2022-12-05;1;150;15,43;2314,5;0,20;0;3;2
2022-12-05;2;117;48,25;5645,25;0,10;2;1;1
2022-12-05;3;151;45,84;6921,84;0,03;2;2;3
2022-12-05;4;136;48,06;6536,16;0,24;1;2;3
2022-12-05;5;163;50,36;8208,68;0,16;0;3;1
2022-12-05;6;143;29,15;4168,45;0,05;2;1;2
2022-12-05;7;151;55,71;8412,21;0,13;1;2;2
2022-12-05;8;149;12,80;1907,2;0,10;0;3;2
2022-12-05;9;152;36,68;5575,36;0,03;3;2;3
2022-12-05;10;168;27,17;4564,56;0,15;0;2;1
2022-12-05;11;145;55,78;8088,1;0,21;2;1;2
2022-12-05;12;151;56,62;8549,62;0,24;0;1;2
2022-12-05;13;136;37,07;5041,52;0,00;0;2;2
2022-12-05;14;167;27,86;4652,62;0,22;2;3;3
2022-12-05;15;162;15,67;2538,54;0,11;1;2;2
2022-12-05;16;152;59,57;9054,64;0,06;0;2;1
2022-12-12;1;151;31,99;4830,49;0,19;1;2;1
2022-12-12;2;154;11,25;1732,5;0,14;3;2;1
2022-12-12;3;172;32,94;5665,68;0,25;1;2;2
2022-12-12;4;166;35,71;5927,86;0,21;2;1;2
2022-12-12;5;141;33,99;4792,59;0,21;3;2;1
2022-12-12;6;153;48,74;7457,22;0,18;1;2;1
2022-12-12;7;130;32,78;4261,4;0,09;2;1;1
2022-12-12;8;156;51,85;8088,6;0,07;0;3;3
2022-12-12;9;147;58,27;8565,69;0,20;4;2;1
2022-12-12;10;135;37,89;5115,15;0,07;2;2;3
2022-12-12;11;141;35,06;4943,46;0,06;2;1;2
2022-12-12;12;148;28,14;4164,72;0,00;1;2;2
2022-12-12;13;144;25,40;3657,6;0,07;1;3;2
2022-12-12;14;134;44,62;5979,08;0,16;2;1;3
2022-12-12;15;148;50,52;7476,96;0,11;2;3;2
2022-12-12;16;148;48,01;7105,48;0,04;1;2;3
2022-12-19;1;139;21,52;2991,28;0,14;2;1;1
2022-12-19;2;161;59,44;9569,84;0,15;1;1;1
2022-12-19;3;164;47,46;7783,44;0,05;1;2;3
2022-12-19;4;165;44,17;7288,05;0,15;3;2;3
2022-12-19;5;142;16,16;2294,72;0,17;2;2;2
2022-12-19;6;147;31,00;4557;0,05;1;3;3
2022-12-19;7;146;48,71;7111,66;0,15;0;1;3
2022-12-19;8;173;11,71;2025,83;0,20;1;2;1
2022-12-19;9;153;30,99;4741,47;0,22;1;2;2
2022-12-19;10;171;33,39;5709,69;0,02;3;2;3
2022-12-19;11;128;36,87;4719,36;0,04;0;2;2
2022-12-19;12;147;18,03;2650,41;0,02;0;3;2
2022-12-19;13;158;32,63;5155,54;0,13;0;3;3
2022-12-19;14;127;37,19;4723,13;0,18;1;3;1
2022-12-19;15;146;49,04;7159,84;0,09;2;2;2
2022-12-19;16;150;55,36;8304;0,23;1;3;2
2022-12-26;1;150;56,79;8518,5;0,11;0;3;1
2022-12-26;2;148;35,13;5199,24;0,14;1;2;2
2022-12-26;3;160;28,34;4534,4;0,19;1;3;1
2022-12-26;4;138;27,25;3760,5;0,03;6;3;1
2022-12-26;5;122;32,60;3977,2;0,08;1;2;2
2022-12-26;6;135;26,62;3593,7;0,15;2;1;1
2022-12-26;7;167;40,42;6750,14;0,10;2;1;2
2022-12-26;8;160;15,19;2430,4;0,10;2;1;1
2022-12-26;9;148;30,57;4524,36;0,15;7;1;3
2022-12-26;10;150;18,14;2721;0,01;2;2;1
2022-12-26;11;151;44,77;6760,27;0,19;1;3;3
2022-12-26;12;145;32,64;4732,8;0,20;2;3;1
2022-12-26;13;156;56,96;8885,76;0,14;1;3;1
2022-12-26;14;146;42,54;6210,84;0,04;0;2;2
2022-12-26;15;157;34,98;5491,86;0,19;2;1;1
2022-12-26;16;129;20,97;2705,13;0,06;1;1;3
2023-01-02;1;150;13,38;2007;0,04;5;2;1
2023-01-02;2;149;52,44;7813,56;0,13;2;1;3
2023-01-02;3;138;23,62;3259,56;0,21;0;1;3
2023-01-02;4;160;54,06;8649,6;0,08;2;2;3
2023-01-02;5;149;42,27;6298,23;0,24;0;1;1
2023-01-02;6;171;50,37;8613,27;0,10;1;1;1
2023-01-02;7;166;36,73;6097,18;0,01;0;2;1
2023-01-02;8;155;39,13;6065,15;0,04;1;2;3
2023-01-02;9;145;53,52;7760,4;0,19;0;2;2
2023-01-02;10;168;47,19;7927,92;0,04;2;1;2
2023-01-02;11;140;10,84;1517,6;0,04;0;1;1
2023-01-02;12;140;44,60;6244;0,01;2;2;2
2023-01-02;13;173;40,72;7044,56;0,01;4;3;1
2023-01-02;14;151;27,12;4095,12;0,02;1;2;2
2023-01-02;15;156;29,19;4553,64;0,03;1;3;3
2023-01-02;16;131;16,76;2195,56;0,15;1;2;3
2023-01-09;1;139;32,85;4566,15;0,10;1;3;2
2023-01-09;2;150;37,95;5692,5;0,17;0;3;1
2023-01-09;3;149;19,32;2878,68;0,14;3;1;3
2023-01-09;4;167;30,96;5170,32;0,15;0;2;1
2023-01-09;5;160;55,17;8827,2;0,00;1;3;1
2023-01-09;6;163;54,72;8919,36;0,01;2;3;2
2023-01-09;7;152;35,68;5423,36;0,15;0;2;2
2023-01-09;8;141;33,42;4712,22;0,21;1;1;1
2023-01-09;9;170;48,54;8251,8;0,03;0;3;1
2023-01-09;10;141;50,97;7186,77;0,18;4;2;3
2023-01-09;11;158;44,95;7102,1;0,25;2;3;2
2023-01-09;12;133;52,54;6987,82;0,24;0;2;3
2023-01-09;13;150;22,37;3355,5;0,15;1;3;2
2023-01-09;14;144;36,46;5250,24;0,11;1;1;3
2023-01-09;15;143;12,37;1768,91;0,05;2;2;1
2023-01-09;16;161;15,43;2484,23;0,19;1;2;3
2023-01-16;1;178;26,34;4688,52;0,07;2;3;1
2023-01-16;2;129;18,79;2423,91;0,19;1;3;3
2023-01-16;3;147;20,71;3044,37;0,14;4;3;3
2023-01-16;4;128;22,15;2835,2;0,06;1;2;2
2023-01-16;5;138;41,84;5773,92;0,13;1;3;1
2023-01-16;6;138;30,06;4148,28;0,20;2;2;2
2023-01-16;7;134;55,41;7424,94;0,13;3;1;2
2023-01-16;8;125;36,97;4621,25;0,22;0;2;1
2023-01-16;9;140;53,29;7460,6;0,23;5;2;3
2023-01-16;10;181;12,39;2242,59;0,04;1;2;1
2023-01-16;11;137;55,87;7654,19;0,12;0;3;1
2023-01-16;12;148;38,88;5754,24;0,11;0;2;3
2023-01-16;13;149;17,79;2650,71;0,05;2;3;3
2023-01-16;14;141;23,58;3324,78;0,01;1;1;3
2023-01-16;15;138;42,06;5804,28;0,23;2;3;1
2023-01-16;16;137;42,09;5766,33;0,17;2;2;2
2023-01-23;1;153;41,83;6399,99;0,07;0;3;3
2023-01-23;2;154;14,00;2156;0,00;2;1;1
2023-01-23;3;145;28,76;4170,2;0,12;1;2;3
2023-01-23;4;155;58,19;9019,45;0,23;3;1;3
2023-01-23;5;171;36,82;6296,22;0,19;2;2;3
2023-01-23;6;168;59,89;10061,52;0,09;3;1;2
2023-01-23;7;157;26,29;4127,53;0,20;3;2;1
2023-01-23;8;139;29,61;4115,79;0,25;1;3;2
2023-01-23;9;140;42,69;5976,6;0,02;2;2;1
2023-01-23;10;173;13,38;2314,74;0,25;2;2;3
2023-01-23;11;136;18,56;2524,16;0,21;0;2;3
2023-01-23;12;140;39,31;5503,4;0,20;2;3;3
2023-01-23;13;139;42,21;5867,19;0,04;4;2;3
2023-01-23;14;150;56,86;8529;0,15;2;1;2
2023-01-23;15;151;11,66;1760,66;0,07;1;2;3
2023-01-23;16;128;29,68;3799,04;0,07;0;1;3
2023-01-30;1;158;29,75;4700,5;0,14;1;2;2
2023-01-30;2;154;34,43;5302,22;0,16;3;1;3
2023-01-30;3;146;39,88;5822,48;0,23;1;3;1
2023-01-30;4;143;12,46;1781,78;0,03;0;2;3
2023-01-30;5;164;53,08;8705,12;0,11;0;3;3
2023-01-30;6;146;41,22;6018,12;0,17;1;2;2
2023-01-30;7;164;51,50;8446;0,05;3;3;3
2023-01-30;8;143;52,17;7460,31;0,24;2;1;1
2023-01-30;9;140;33,33;4666,2;0,22;0;3;2
2023-01-30;10;163;50,43;8220,09;0,23;1;1;2
2023-01-30;11;145;36,47;5288,15;0,17;2;2;3
2023-01-30;12;136;19,79;2691,44;0,23;0;2;1
2023-01-30;13;159;25,89;4116,51;0,08;2;1;3
2023-01-30;14;152;25,37;3856,24;0,17;2;1;3
2023-01-30;15;135;34,14;4608,9;0,09;1;1;1
2023-01-30;16;157;45,47;7138,79;0,23;2;2;1
2023-02-06;1;154;53,22;8195,88;0,07;2;2;3
2023-02-06;2;158;13,02;2057,16;0,20;0;3;3
2023-02-06;3;157;53,12;8339,84;0,04;1;2;1
2023-02-06;4;153;27,04;4137,12;0,12;1;2;3
2023-02-06;5;148;38,31;5669,88;0,06;5;1;3
2023-02-06;6;150;33,85;5077,5;0,22;0;2;1
2023-02-06;7;156;18,48;2882,88;0,20;1;3;2
2023-02-06;8;142;41,93;5954,06;0,22;2;2;1
2023-02-06;9;159;12,74;2025,66;0,19;2;3;2
2023-02-06;10;127;14,12;1793,24;0,18;1;1;1
2023-02-06;11;179;40,30;7213,7;0,05;2;3;2
2023-02-06;12;158;50,75;8018,5;0,21;0;1;1
2023-02-06;13;144;34,93;5029,92;0,05;1;2;2
2023-02-06;14;147;50,49;7422,03;0,10;0;2;2
2023-02-06;15;145;43,14;6255,3;0,21;2;2;1
2023-02-06;16;146;19,31;2819,26;0,07;2;1;1
2023-02-13;1;168;33,26;5587,68;0,02;0;1;2
2023-02-13;2;145;40,46;5866,7;0,00;5;3;3
2023-02-13;3;145;36,75;5328,75;0,03;2;2;3
2023-02-13;4;158;35,73;5645,34;0,02;2;2;1
2023-02-13;5;170;23,18;3940,6;0,23;1;1;1
2023-02-13;6;155;39,82;6172,1;0,10;1;2;3
2023-02-13;7;159;42,18;6706,62;0,06;0;1;1
2023-02-13;8;162;25,34;4105,08;0,03;0;1;1
2023-02-13;9;144;55,94;8055,36;0,22;3;2;1
2023-02-13;10;169;20,97;3543,93;0,20;1;1;2
2023-02-13;11;141;35,75;5040,75;0,08;0;2;1
2023-02-13;12;148;38,53;5702,44;0,22;0;1;2
2023-02-13;13;136;33,17;4511,12;0,17;2;1;1
2023-02-13;14;146;37,55;5482,3;0,03;1;2;3
2023-02-13;15;139;15,56;2162,84;0,01;2;2;2
2023-02-13;16;154;43,02;6625,08;0,03;1;3;3
2023-02-20;1;134;47,35;6344,9;0,05;1;2;3
2023-02-20;2;162;20,50;3321;0,20;2;1;3
2023-02-20;3;157;38,18;5994,26;0,18;1;3;2
2023-02-20;4;145;25,44;3688,8;0,14;2;2;3
2023-02-20;5;147;50,28;7391,16;0,18;1;2;1
2023-02-20;6;144;53,81;7748,64;0,22;0;3;3
2023-02-20;7;147;58,88;8655,36;0,17;1;1;2
2023-02-20;8;131;47,63;6239,53;0,12;1;3;1
2023-02-20;9;168;22,45;3771,6;0,23;3;1;2
2023-02-20;10;163;17,16;2797,08;0,01;1;3;3
2023-02-20;11;160;46,46;7433,6;0,06;1;3;1
2023-02-20;12;146;15,48;2260,08;0,12;1;2;1
2023-02-20;13;157;37,21;5841,97;0,01;2;2;2
2023-02-20;14;124;44,25;5487;0,05;2;1;3
2023-02-20;15;170;25,26;4294,2;0,15;4;2;1
2023-02-20;16;143;10,47;1497,21;0,00;2;3;1
2023-02-27;1;160;56,50;9040;0,03;1;3;1
2023-02-27;2;169;44,11;7454,59;0,13;0;2;3
2023-02-27;3;142;52,62;7472,04;0,18;2;2;2
2023-02-27;4;150;15,96;2394;0,10;0;1;2
2023-02-27;5;139;30,93;4299,27;0,01;1;1;3
2023-02-27;6;152;57,16;8688,32;0,02;3;3;1
2023-02-27;7;145;30,09;4363,05;0,02;2;2;2
2023-02-27;8;123;46,15;5676,45;0,10;0;3;3
2023-02-27;9;160;56,13;8980,8;0,09;1;3;3
2023-02-27;10;145;47,55;6894,75;0,08;1;2;3
2023-02-27;11;147;55,89;8215,83;0,17;1;1;1
2023-02-27;12;161;13,03;2097,83;0,02;0;2;2
2023-02-27;13;148;25,65;3796,2;0,10;3;1;1
2023-02-27;14;164;23,34;3827,76;0,03;0;1;1
2023-02-27;15;132;37,59;4961,88;0,02;0;1;2
2023-02-27;16;137;40,79;5588,23;0,14;0;3;1
2023-03-06;1;145;21,32;3091,4;0,22;4;2;3
2023-03-06;2;155;42,14;6531,7;0,01;6;3;3
2023-03-06;3;131;22,64;2965,84;0,10;2;3;3
2023-03-06;4;148;26,72;3954,56;0,09;4;3;2
2023-03-06;5;162;19,99;3238,38;0,20;0;3;1
2023-03-06;6;139;54,02;7508,78;0,03;0;3;1
2023-03-06;7;150;38,44;5766;0,11;1;2;1
2023-03-06;8;132;51,05;6738,6;0,22;0;1;1
2023-03-06;9;133;40,41;5374,53;0,18;1;2;3
2023-03-06;10;156;56,77;8856,12;0,02;0;2;1
2023-03-06;11;127;49,63;6303,01;0,14;0;3;2
2023-03-06;12;141;38,04;5363,64;0,06;0;3;1
2023-03-06;13;159;32,62;5186,58;0,03;3;1;3
2023-03-06;14;152;34,77;5285,04;0,24;3;1;1
2023-03-06;15;153;26,15;4000,95;0,09;0;2;2
2023-03-06;16;153;48,68;7448,04;0,04;1;1;1
2023-03-13;1;137;17,90;2452,3;0,23;0;3;2
2023-03-13;2;142;32,92;4674,64;0,01;1;2;1
2023-03-13;3;153;38,19;5843,07;0,02;2;2;2
2023-03-13;4;172;27,09;4659,48;0,08;0;3;2
2023-03-13;5;155;32,97;5110,35;0,23;0;3;2
2023-03-13;6;139;35,14;4884,46;0,08;0;2;3
2023-03-13;7;159;44,38;7056,42;0,09;1;1;1
2023-03-13;8;173;35,01;6056,73;0,21;2;1;1
2023-03-13;9;142;44,01;6249,42;0,22;0;1;1
2023-03-13;10;127;21,64;2748,28;0,07;0;1;3
2023-03-13;11;138;56,70;7824,6;0,04;0;1;1
2023-03-13;12;160;15,24;2438,4;0,21;1;1;1
2023-03-13;13;141;51,11;7206,51;0,19;3;2;3
2023-03-13;14;172;31,19;5364,68;0,00;3;3;2
2023-03-13;15;136;26,47;3599,92;0,09;0;1;3
2023-03-13;16;144;11,28;1624,32;0,10;0;2;1
2023-03-20;1;145;22,61;3278,45;0,22;1;1;2
2023-03-20;2;141;17,11;2412,51;0,06;1;2;1
2023-03-20;3;140;34,57;4839,8;0,19;4;3;1
2023-03-20;4;133;25,98;3455,34;0,04;2;3;1
2023-03-20;5;160;36,89;5902,4;0,01;2;3;1
2023-03-20;6;161;23,27;3746,47;0,17;1;1;3
2023-03-20;7;152;29,06;4417,12;0,18;3;2;3
2023-03-20;8;150;52,78;7917;0,12;3;3;3
2023-03-20;9;137;42,87;5873,19;0,22;3;1;1
2023-03-20;10;155;26,57;4118,35;0,25;1;2;2
2023-03-20;11;159;40,43;6428,37;0,10;4;3;1
2023-03-20;12;152;10,38;1577,76;0,14;2;2;2
2023-03-20;13;149;58,73;8750,77;0,06;1;2;2
2023-03-20;14;125;29,00;3625;0,01;1;2;2
2023-03-20;15;139;59,37;8252,43;0,20;5;1;1
2023-03-20;16;157;32,06;5033,42;0,20;1;3;2
2023-03-27;1;157;22,67;3559,19;0,22;1;2;1
2023-03-27;2;139;30,89;4293,71;0,19;1;1;3
2023-03-27;3;146;39,22;5726,12;0,10;0;1;3
2023-03-27;4;168;53,16;8930,88;0,09;2;2;3
2023-03-27;5;171;38,35;6557,85;0,19;3;3;3
2023-03-27;6;151;47,88;7229,88;0,21;2;3;3
2023-03-27;7;148;28,13;4163,24;0,03;0;3;1
2023-03-27;8;142;44,43;6309,06;0,02;0;3;2
2023-03-27;9;131;23,39;3064,09;0,14;4;3;1
2023-03-27;10;166;18,80;3120,8;0,07;0;2;2
2023-03-27;11;161;37,83;6090,63;0,06;1;2;3
2023-03-27;12;164;53,55;8782,2;0,16;4;2;1
2023-03-27;13;142;44,51;6320,42;0,10;3;3;3
2023-03-27;14;146;52,64;7685,44;0,16;0;3;3
2023-03-27;15;151;48,93;7388,43;0,08;1;2;3
2023-03-27;16;162;17,93;2904,66;0,10;1;2;3
2023-04-03;1;174;24,85;4323,9;0,06;3;1;1
2023-04-03;2;156;28,85;4500,6;0,13;1;2;1
2023-04-03;3;167;55,43;9256,81;0,11;2;3;2
2023-04-03;4;124;33,85;4197,4;0,11;1;1;2
2023-04-03;5;176;32,59;5735,84;0,05;3;1;2
2023-04-03;6;132;44,86;5921,52;0,09;3;1;2
2023-04-03;7;152;39,23;5962,96;0,11;1;3;2
2023-04-03;8;127;19,89;2526,03;0,14;1;1;1
2023-04-03;9;154;31,06;4783,24;0,21;1;3;2
2023-04-03;10;155;42,67;6613,85;0,21;4;1;3
2023-04-03;11;153;38,19;5843,07;0,04;3;3;3
2023-04-03;12;170;24,02;4083,4;0,04;2;1;3
2023-04-03;13;143;43,55;6227,65;0,16;1;1;2
2023-04-03;14;151;12,81;1934,31;0,16;2;1;3
2023-04-03;15;161;21,31;3430,91;0,24;6;3;1
2023-04-03;16;142;26,91;3821,22;0,24;0;2;3
2023-04-10;1;150;26,30;3945;0,16;0;1;1
2023-04-10;2;162;27,98;4532,76;0,08;1;3;3
2023-04-10;3;135;14,18;1914,3;0,21;0;2;1
2023-04-10;4;142;37,75;5360,5;0,03;3;3;2
2023-04-10;5;148;35,05;5187,4;0,15;1;1;2
2023-04-10;6;138;32,01;4417,38;0,10;2;3;1
2023-04-10;7;157;26,94;4229,58;0,10;0;3;2
2023-04-10;8;140;59,81;8373,4;0,18;0;2;2
2023-04-10;9;148;56,17;8313,16;0,15;0;3;3
2023-04-10;10;153;26,87;4111,11;0,10;2;2;3
2023-04-10;11;172;49,49;8512,28;0,04;1;3;2
2023-04-10;12;151;41,75;6304,25;0,07;2;1;1
2023-04-10;13;162;19,04;3084,48;0,16;5;2;2
2023-04-10;14;154;10,86;1672,44;0,08;0;3;2
2023-04-10;15;162;22,93;3714,66;0,08;1;2;3
2023-04-10;16;170;42,81;7277,7;0,10;2;1;2
2023-04-17;1;146;41,72;6091,12;0,15;1;2;2
2023-04-17;2;135;30,76;4152,6;0,16;3;2;2
2023-04-17;3;116;19,69;2284,04;0,13;1;1;2
2023-04-17;4;158;39,72;6275,76;0,22;3;2;3
2023-04-17;5;169;19,88;3359,72;0,00;2;1;1
2023-04-17;6;174;41,85;7281,9;0,19;4;2;1
2023-04-17;7;144;37,15;5349,6;0,10;0;3;3
2023-04-17;8;159;47,35;7528,65;0,09;1;2;1
2023-04-17;9;145;38,12;5527,4;0,03;0;3;2
2023-04-17;10;160;57,95;9272;0,13;5;2;3
2023-04-17;11;125;27,47;3433,75;0,21;1;1;1
2023-04-17;12;141;28,73;4050,93;0,00;1;3;3
2023-04-17;13;156;31,60;4929,6;0,01;2;3;2
2023-04-17;14;160;31,01;4961,6;0,02;1;1;3
2023-04-17;15;136;36,46;4958,56;0,24;0;1;3
2023-04-17;16;153;35,81;5478,93;0,22;0;1;2
2023-04-24;1;144;22,57;3250,08;0,08;2;3;1
2023-04-24;2;137;34,12;4674,44;0,11;4;3;2
2023-04-24;3;153;31,52;4822,56;0,11;3;2;1
2023-04-24;4;168;19,96;3353,28;0,12;3;2;1
2023-04-24;5;143;45,41;6493,63;0,19;1;2;3
2023-04-24;6;146;40,57;5923,22;0,18;1;2;2
2023-04-24;7;156;22,25;3471;0,18;1;1;3
2023-04-24;8;157;39,94;6270,58;0,11;2;3;1
2023-04-24;9;142;50,30;7142,6;0,06;1;1;2
2023-04-24;10;156;45,20;7051,2;0,17;1;1;3
2023-04-24;11;146;17,84;2604,64;0,17;0;3;2
2023-04-24;12;174;52,88;9201,12;0,23;1;1;3
2023-04-24;13;164;11,08;1817,12;0,20;0;3;1
2023-04-24;14;160;43,69;6990,4;0,01;3;3;1
2023-04-24;15;137;21,22;2907,14;0,02;1;1;1
2023-04-24;16;137;21,88;2997,56;0,09;1;3;1
2023-05-01;1;142;50,78;7210,76;0,04;0;3;3
2023-05-01;2;144;37,13;5346,72;0,09;2;2;3
2023-05-01;3;146;58,31;8513,26;0,13;5;2;2
2023-05-01;4;143;18,28;2614,04;0,10;1;2;1
2023-05-01;5;131;26,91;3525,21;0,03;1;1;2
2023-05-01;6;167;45,70;7631,9;0,15;1;2;2
2023-05-01;7;140;39,61;5545,4;0,09;0;1;1
2023-05-01;8;133;32,02;4258,66;0,16;1;1;2
2023-05-01;9;166;34,04;5650,64;0,23;2;3;2
2023-05-01;10;132;49,36;6515,52;0,21;1;2;2
2023-05-01;11;152;31,96;4857,92;0,17;0;2;2
2023-05-01;12;155;18,05;2797,75;0,10;2;1;1
2023-05-01;13;155;40,66;6302,3;0,20;0;3;1
2023-05-01;14;148;37,31;5521,88;0,16;1;2;3
2023-05-01;15;150;17,99;2698,5;0,10;0;3;3
2023-05-01;16;144;36,69;5283,36;0,20;2;3;1
2023-05-08;1;159;55,15;8768,85;0,23;1;2;2
2023-05-08;2;143;19,14;2737,02;0,22;2;3;2
2023-05-08;3;159;12,41;1973,19;0,13;2;1;1
2023-05-08;4;151;50,89;7684,39;0,09;3;1;3
2023-05-08;5;136;12,17;1655,12;0,09;1;1;3
2023-05-08;6;162;31,84;5158,08;0,16;0;1;3
2023-05-08;7;137;42,07;5763,59;0,19;1;2;2
2023-05-08;8;158;58,17;9190,86;0,05;2;3;1
2023-05-08;9;138;27,31;3768,78;0,13;0;1;1
2023-05-08;10;122;26,79;3268,38;0,05;1;1;1
2023-05-08;11;153;31,16;4767,48;0,23;1;1;3
2023-05-08;12;153;46,66;7138,98;0,14;1;2;1
2023-05-08;13;135;34,46;4652,1;0,02;1;3;1
2023-05-08;14;150;13,81;2071,5;0,09;3;1;2
2023-05-08;15;155;52,27;8101,85;0,12;1;3;1
2023-05-08;16;145;26,28;3810,6;0,01;0;3;2
2023-05-15;1;146;53,57;7821,22;0,13;1;1;1
2023-05-15;2;135;42,17;5692,95;0,06;0;3;3
2023-05-15;3;155;45,92;7117,6;0,09;2;2;2
2023-05-15;4;159;31,16;4954,44;0,15;1;3;1
2023-05-15;5;173;14,20;2456,6;0,22;1;3;3
2023-05-15;6;140;38,86;5440,4;0,14;1;1;3
2023-05-15;7;158;49,10;7757,8;0,04;2;1;2
2023-05-15;8;156;34,08;5316,48;0,17;0;2;2
2023-05-15;9;165;17,44;2877,6;0,14;2;2;2
2023-05-15;10;149;26,42;3936,58;0,12;3;2;2
2023-05-15;11;141;24,88;3508,08;0,11;1;3;3
2023-05-15;12;145;48,13;6978,85;0,18;2;3;2
2023-05-15;13;114;49,47;5639,58;0,13;1;3;3
2023-05-15;14;123;41,92;5156,16;0,21;3;1;3
2023-05-15;15;150;51,65;7747,5;0,13;1;2;3
2023-05-15;16;169;55,45;9371,05;0,05;2;2;2
2023-05-22;1;164;49,73;8155,72;0,05;3;3;1
2023-05-22;2;154;33,67;5185,18;0,17;2;3;2
2023-05-22;3;147;35,96;5286,12;0,13;0;2;2
2023-05-22;4;171;36,42;6227,82;0,20;1;2;2
2023-05-22;5;151;47,98;7244,98;0,14;3;1;2
2023-05-22;6;168;46,27;7773,36;0,14;1;2;1
2023-05-22;7;155;30,83;4778,65;0,08;1;1;2
2023-05-22;8;148;34,92;5168,16;0,12;2;2;3
2023-05-22;9;145;53,91;7816,95;0,24;2;3;1
2023-05-22;10;158;17,36;2742,88;0,04;0;3;1
2023-05-22;11;151;51,41;7762,91;0,20;3;3;3
2023-05-22;12;127;44,34;5631,18;0,23;1;2;2
2023-05-22;13;153;26,60;4069,8;0,02;1;3;2
2023-05-22;14;163;36,37;5928,31;0,05;0;2;1
2023-05-22;15;150;39,37;5905,5;0,01;0;2;1
2023-05-22;16;152;11,45;1740,4;0,14;3;1;1
2023-05-29;1;158;39,62;6259,96;0,17;0;3;3
2023-05-29;2;165;47,25;7796,25;0,16;2;3;3
2023-05-29;3;162;26,39;4275,18;0,09;3;2;3
2023-05-29;4;179;59,70;10686,3;0,17;0;2;3
2023-05-29;5;163;32,30;5264,9;0,08;1;1;1
2023-05-29;6;148;41,67;6167,16;0,20;1;3;3
2023-05-29;7;139;43,52;6049,28;0,23;0;1;1
2023-05-29;8;165;41,07;6776,55;0,02;1;1;3
2023-05-29;9;139;35,20;4892,8;0,20;2;3;2
2023-05-29;10;153;31,37;4799,61;0,24;2;1;2
2023-05-29;11;141;40,57;5720,37;0,13;0;2;2
2023-05-29;12;163;43,09;7023,67;0,02;1;1;1
2023-05-29;13;174;24,28;4224,72;0,04;1;3;3
2023-05-29;14;145;58,32;8456,4;0,09;0;2;3
2023-05-29;15;168;57,64;9683,52;0,17;4;3;2
2023-05-29;16;138;34,41;4748,58;0,11;1;1;3
2023-06-05;1;156;46,72;7288,32;0,18;1;1;2
2023-06-05;2;172;23,37;4019,64;0,02;3;1;1
2023-06-05;3;154;18,19;2801,26;0,01;0;1;1
2023-06-05;4;148;22,95;3396,6;0,22;1;1;1
2023-06-05;5;158;28,26;4465,08;0,12;0;3;3
2023-06-05;6;133;56,97;7577,01;0,02;1;1;1
2023-06-05;7;181;42,18;7634,58;0,24;5;3;2
2023-06-05;8;149;20,10;2994,9;0,22;3;2;2
2023-06-05;9;154;47,00;7238;0,17;3;1;1
2023-06-05;10;157;21,85;3430,45;0,19;1;3;3
2023-06-05;11;142;44,84;6367,28;0,23;0;2;2
2023-06-05;12;155;55,18;8552,9;0,02;2;1;1
2023-06-05;13;161;57,71;9291,31;0,21;1;2;1
2023-06-05;14;142;58,36;8287,12;0,02;1;1;2
2023-06-05;15;152;28,87;4388,24;0,08;1;2;3
2023-06-05;16;156;16,84;2627,04;0,20;2;1;3
2023-06-12;1;167;54,69;9133,23;0,22;1;2;1
2023-06-12;2;146;45,76;6680,96;0,23;2;1;2
2023-06-12;3;154;24,57;3783,78;0,24;1;3;2
2023-06-12;4;131;46,70;6117,7;0,07;1;2;1
2023-06-12;5;149;49,47;7371,03;0,08;3;3;2
2023-06-12;6;162;26,24;4250,88;0,13;1;1;2
2023-06-12;7;144;34,18;4921,92;0,21;0;1;2
2023-06-12;8;153;36,16;5532,48;0,05;2;2;3
2023-06-12;9;129;38,54;4971,66;0,23;1;2;1
2023-06-12;10;134;14,57;1952,38;0,05;0;3;3
2023-06-12;11;150;33,47;5020,5;0,23;2;1;3
2023-06-12;12;128;43,68;5591,04;0,22;0;3;2
2023-06-12;13;162;37,30;6042,6;0,24;2;2;3
2023-06-12;14;165;37,72;6223,8;0,15;1;1;1
2023-06-12;15;152;17,17;2609,84;0,09;2;3;3
2023-06-12;16;170;42,14;7163,8;0,03;3;2;3
2023-06-19;1;152;49,72;7557,44;0,06;1;3;2
2023-06-19;2;182;44,15;8035,3;0,24;1;3;2
2023-06-19;3;159;26,70;4245,3;0,01;3;1;2
2023-06-19;4;164;27,63;4531,32;0,02;2;1;2
2023-06-19;5;158;46,53;7351,74;0,21;2;1;3
2023-06-19;6;155;55,11;8542,05;0,16;1;3;2
2023-06-19;7;129;37,19;4797,51;0,07;0;1;3
2023-06-19;8;151;50,02;7553,02;0,12;2;3;1
2023-06-19;9;135;30,50;4117,5;0,20;2;1;1
2023-06-19;10;139;22,17;3081,63;0,25;4;3;2
2023-06-19;11;152;50,07;7610,64;0,18;2;2;3
2023-06-19;12;155;43,49;6740,95;0,18;1;1;2
2023-06-19;13;145;35,29;5117,05;0,11;6;3;2
2023-06-19;14;154;26,70;4111,8;0,21;2;1;2
2023-06-19;15;157;37,43;5876,51;0,16;2;2;1
2023-06-19;16;170;58,55;9953,5;0,17;5;2;3
2023-06-26;1;163;31,37;5113,31;0,06;0;1;3
2023-06-26;2;138;45,99;6346,62;0,11;1;2;2
2023-06-26;3;160;58,76;9401,6;0,16;1;1;1
2023-06-26;4;143;20,65;2952,95;0,10;5;3;3
2023-06-26;5;138;27,62;3811,56;0,11;0;2;1
2023-06-26;6;147;36,65;5387,55;0,02;2;2;2
2023-06-26;7;152;30,93;4701,36;0,10;0;3;2
2023-06-26;8;151;33,41;5044,91;0,19;3;3;2
2023-06-26;9;159;41,10;6534,9;0,02;2;1;1
2023-06-26;10;146;53,10;7752,6;0,15;1;1;1
2023-06-26;11;172;58,58;10075,76;0,03;2;2;2
2023-06-26;12;162;14,55;2357,1;0,15;2;1;1
2023-06-26;13;158;48,54;7669,32;0,17;1;2;2
2023-06-26;14;147;57,67;8477,49;0,02;1;1;1
2023-06-26;15;143;35,29;5046,47;0,15;0;2;1
2023-06-26;16;161;58,28;9383,08;0,05;2;3;2
2023-07-03;1;147;38,28;5627,16;0,20;0;1;2
2023-07-03;2;159;29,45;4682,55;0,19;1;1;1
2023-07-03;3;168;24,62;4136,16;0,14;1;3;2
2023-07-03;4;147;52,82;7764,54;0,13;1;3;2
2023-07-03;5;140;35,79;5010,6;0,19;0;3;3
2023-07-03;6;139;28,02;3894,78;0,10;2;1;1
2023-07-03;7;144;41,20;5932,8;0,06;2;3;2
2023-07-03;8;152;50,49;7674,48;0,06;3;1;2
2023-07-03;9;152;53,75;8170;0,20;2;1;1
2023-07-03;10;160;37,37;5979,2;0,02;0;3;3
2023-07-03;11;163;18,47;3010,61;0,20;0;1;2
2023-07-03;12;142;39,77;5647,34;0,19;1;2;1
2023-07-03;13;150;34,93;5239,5;0,15;3;1;3
2023-07-03;14;146;10,18;1486,28;0,15;0;2;2
2023-07-03;15;150;37,50;5625;0,07;2;2;2
2023-07-03;16;141;40,51;5711,91;0,04;3;1;3
2023-07-10;1;138;46,62;6433,56;0,17;2;1;3
2023-07-10;2;141;42,96;6057,36;0,11;2;1;2
2023-07-10;3;155;49,05;7602,75;0,18;2;1;3
2023-07-10;4;136;29,66;4033,76;0,07;0;2;2
2023-07-10;5;162;38,27;6199,74;0,06;3;2;3
2023-07-10;6;138;58,33;8049,54;0,18;5;2;2
2023-07-10;7;155;20,19;3129,45;0,08;0;2;1
2023-07-10;8;157;50,76;7969,32;0,09;1;2;1
2023-07-10;9;185;46,06;8521,1;0,19;1;1;3
2023-07-10;10;150;48,60;7290;0,16;1;2;3
2023-07-10;11;161;47,68;7676,48;0,22;3;2;3
2023-07-10;12;161;59,09;9513,49;0,09;2;2;2
2023-07-10;13;157;13,29;2086,53;0,19;2;3;1
2023-07-10;14;156;34,48;5378,88;0,03;1;3;3
2023-07-10;15;140;18,13;2538,2;0,06;0;2;2
2023-07-10;16;171;29,84;5102,64;0,13;2;2;3
2023-07-17;1;171;24,78;4237,38;0,24;1;3;2
2023-07-17;2;142;59,79;8490,18;0,15;0;1;2
2023-07-17;3;129;30,31;3909,99;0,15;1;1;2
2023-07-17;4;173;44,69;7731,37;0,22;0;3;3
2023-07-17;5;140;16,98;2377,2;0,13;1;2;3
2023-07-17;6;147;17,84;2622,48;0,14;0;1;1
2023-07-17;7;143;57,33;8198,19;0,10;0;2;3
2023-07-17;8;146;21,50;3139;0,15;0;2;2
2023-07-17;9;149;31,09;4632,41;0,00;5;2;2
2023-07-17;10;145;26,28;3810,6;0,12;1;1;2
2023-07-17;11;144;28,00;4032;0,22;2;1;3
2023-07-17;12;135;54,61;7372,35;0,18;0;3;1
2023-07-17;13;166;32,70;5428,2;0,13;3;2;3
2023-07-17;14;124;35,75;4433;0,12;1;3;2
2023-07-17;15;149;22,03;3282,47;0,07;3;3;1
2023-07-17;16;128;44,09;5643,52;0,13;2;1;1
2023-07-24;1;137;17,00;2329;0,10;0;1;1
2023-07-24;2;152;57,06;8673,12;0,18;1;3;1
2023-07-24;3;173;38,06;6584,38;0,15;1;2;1
2023-07-24;4;164;37,74;6189,36;0,18;3;1;1
2023-07-24;5;167;42,16;7040,72;0,10;1;3;3
2023-07-24;6;169;54,77;9256,13;0,03;3;3;2
2023-07-24;7;177;35,93;6359,61;0,19;2;3;3
2023-07-24;8;158;34,71;5484,18;0,21;2;2;3
2023-07-24;9;147;29,67;4361,49;0,18;3;1;1
2023-07-24;10;141;17,70;2495,7;0,17;4;2;2
2023-07-24;11;155;37,67;5838,85;0,02;2;1;3
2023-07-24;12;154;54,94;8460,76;0,20;2;1;2
2023-07-24;13;153;32,96;5042,88;0,20;0;1;2
2023-07-24;14;124;46,55;5772,2;0,13;1;3;3
2023-07-24;15;132;26,05;3438,6;0,07;2;3;1
2023-07-24;16;152;42,07;6394,64;0,07;2;1;3
2023-07-31;1;140;49,12;6876,8;0,18;0;3;1
2023-07-31;2;133;48,83;6494,39;0,08;2;2;2
2023-07-31;3;133;10,94;1455,02;0,10;0;1;3
2023-07-31;4;149;32,22;4800,78;0,01;1;1;3
2023-07-31;5;160;45,76;7321,6;0,09;1;2;1
2023-07-31;6;152;15,44;2346,88;0,01;2;3;3
2023-07-31;7;149;42,25;6295,25;0,14;2;1;2
2023-07-31;8;166;34,84;5783,44;0,12;2;3;1
2023-07-31;9;148;10,82;1601,36;0,04;1;2;1
2023-07-31;10;163;36,13;5889,19;0,09;0;3;1
2023-07-31;11;129;27,38;3532,02;0,25;1;2;3
2023-07-31;12;140;51,76;7246,4;0,05;2;2;1
2023-07-31;13;129;34,54;4455,66;0,11;4;2;3
2023-07-31;14;134;36,46;4885,64;0,13;1;1;2
2023-07-31;15;158;38,51;6084,58;0,14;2;3;3
2023-07-31;16;130;24,04;3125,2;0,13;2;1;2
2023-08-07;1;158;39,56;6250,48;0,24;0;3;1
2023-08-07;2;165;48,70;8035,5;0,07;1;1;2
2023-08-07;3;169;13,15;2222,35;0,15;0;2;2
2023-08-07;4;162;53,74;8705,88;0,20;0;2;1
2023-08-07;5;146;30,87;4507,02;0,24;2;1;3
2023-08-07;6;131;46,72;6120,32;0,22;1;3;2
2023-08-07;7;142;27,14;3853,88;0,08;1;2;3
2023-08-07;8;154;25,35;3903,9;0,05;3;2;2
2023-08-07;9;136;37,07;5041,52;0,15;1;3;2
2023-08-07;10;153;33,98;5198,94;0,16;1;2;3
2023-08-07;11;156;26,68;4162,08;0,08;1;2;2
2023-08-07;12;164;12,30;2017,2;0,25;1;3;3
2023-08-07;13;134;46,93;6288,62;0,07;1;1;3
2023-08-07;14;147;26,51;3896,97;0,18;2;1;1
2023-08-07;15;133;42,04;5591,32;0,20;1;3;2
2023-08-07;16;153;25,57;3912,21;0,01;2;2;2
2023-08-14;1;146;45,42;6631,32;0,21;1;1;1
2023-08-14;2;158;10,66;1684,28;0,09;2;3;2
2023-08-14;3;129;31,45;4057,05;0,00;0;1;2
2023-08-14;4;142;41,58;5904,36;0,06;1;3;2
2023-08-14;5;168;29,61;4974,48;0,18;3;3;2
2023-08-14;6;154;48,62;7487,48;0,24;4;1;3
2023-08-14;7;141;57,87;8159,67;0,11;0;2;2
2023-08-14;8;158;23,36;3690,88;0,22;0;3;2
2023-08-14;9;126;40,35;5084,1;0,03;1;2;2
2023-08-14;10;154;21,49;3309,46;0,20;1;1;2
2023-08-14;11;156;15,73;2453,88;0,18;1;1;1
2023-08-14;12;137;42,66;5844,42;0,06;0;3;3
2023-08-14;13;147;12,68;1863,96;0,11;2;2;3
2023-08-14;14;158;10,48;1655,84;0,24;1;1;2
2023-08-14;15;149;27,79;4140,71;0,21;2;3;2
2023-08-14;16;149;59,83;8914,67;0,14;2;1;2
2023-08-21;1;147;57,13;8398,11;0,04;1;1;1
2023-08-21;2;135;13,10;1768,5;0,02;1;3;3
2023-08-21;3;150;12,24;1836;0,24;4;1;2
2023-08-21;4;142;38,93;5528,06;0,06;1;1;3
2023-08-21;5;150;24,56;3684;0,20;1;1;2
2023-08-21;6;156;36,68;5722,08;0,08;1;2;3
2023-08-21;7;161;27,71;4461,31;0,17;4;3;1
2023-08-21;8;154;43,99;6774,46;0,03;3;1;2
2023-08-21;9;151;12,85;1940,35;0,10;3;1;2
2023-08-21;10;173;31,41;5433,93;0,14;1;2;1
2023-08-21;11;136;40,49;5506,64;0,23;0;2;1
2023-08-21;12;139;50,44;7011,16;0,07;3;3;3
2023-08-21;13;152;28,38;4313,76;0,20;0;2;1
2023-08-21;14;122;52,68;6426,96;0,19;1;2;3
2023-08-21;15;152;52,03;7908,56;0,20;2;2;3
2023-08-21;16;149;53,95;8038,55;0,16;1;1;2
2023-08-28;1;154;29,71;4575,34;0,08;1;3;1
2023-08-28;2;153;23,18;3546,54;0,19;1;1;1
2023-08-28;3;127;54,25;6889,75;0,19;1;2;2
2023-08-28;4;174;58,06;10102,44;0,06;0;3;2
2023-08-28;5;148;36,95;5468,6;0,20;3;1;2
2023-08-28;6;146;17,41;2541,86;0,01;2;3;3
2023-08-28;7;126;36,95;4655,7;0,05;1;1;3
2023-08-28;8;137;49,98;6847,26;0,12;0;3;2
2023-08-28;9;158;46,93;7414,94;0,12;1;2;3
2023-08-28;10;165;11,65;1922,25;0,07;3;3;2
2023-08-28;11;158;48,03;7588,74;0,18;2;3;3
2023-08-28;12;163;30,12;4909,56;0,12;2;2;1
2023-08-28;13;166;27,10;4498,6;0,23;2;1;1
2023-08-28;14;137;59,54;8156,98;0,21;2;2;1
2023-08-28;15;139;36,29;5044,31;0,22;1;1;2
2023-08-28;16;126;23,49;2959,74;0,18;3;1;1
2023-09-04;1;157;32,65;5126,05;0,19;3;2;1
2023-09-04;2;158;41,29;6523,82;0,18;1;2;2
2023-09-04;3;149;46,85;6980,65;0,17;1;1;3
2023-09-04;4;167;13,06;2181,02;0,21;2;2;2
2023-09-04;5;164;11,54;1892,56;0,23;0;3;1
2023-09-04;6;162;45,44;7361,28;0,03;2;2;3
2023-09-04;7;167;30,68;5123,56;0,11;0;2;1
2023-09-04;8;168;59,90;10063,2;0,15;2;3;2
2023-09-04;9;138;42,49;5863,62;0,23;2;1;3
2023-09-04;10;174;53,43;9296,82;0,02;3;3;1
2023-09-04;11;154;12,83;1975,82;0,17;1;2;2
2023-09-04;12;149;55,59;8282,91;0,21;1;3;1
2023-09-04;13;146;28,62;4178,52;0,03;4;2;2
2023-09-04;14;153;27,64;4228,92;0,14;1;1;1
2023-09-04;15;142;13,82;1962,44;0,15;0;1;2
2023-09-04;16;119;41,14;4895,66;0,03;1;2;2
2023-09-11;1;147;35,30;5189,1;0,02;0;3;3
2023-09-11;2;151;14,77;2230,27;0,11;3;2;1
2023-09-11;3;158;53,60;8468,8;0,24;2;1;3
2023-09-11;4;154;19,08;2938,32;0,17;5;3;3
2023-09-11;5;149;34,75;5177,75;0,11;1;3;1
2023-09-11;6;150;47,44;7116;0,22;3;2;1
2023-09-11;7;144;46,34;6672,96;0,08;0;1;2
2023-09-11;8;145;26,35;3820,75;0,16;2;2;3
2023-09-11;9;148;25,95;3840,6;0,11;2;3;2
2023-09-11;10;161;46,59;7500,99;0,20;3;3;3
2023-09-11;11;157;59,18;9291,26;0,14;0;2;2
2023-09-11;12;142;56,24;7986,08;0,04;0;2;3
2023-09-11;13;142;43,01;6107,42;0,08;3;1;1
2023-09-11;14;132;20,42;2695,44;0,07;0;3;2
2023-09-11;15;126;18,21;2294,46;0,23;1;1;2
2023-09-11;16;156;22,02;3435,12;0,14;2;1;1
2023-09-18;1;160;43,53;6964,8;0,11;3;1;2
2023-09-18;2;163;26,03;4242,89;0,14;2;1;1
2023-09-18;3;152;24,13;3667,76;0,05;0;2;3
2023-09-18;4;153;26,31;4025,43;0,15;0;3;3
2023-09-18;5;131;28,40;3720,4;0,17;2;3;1
2023-09-18;6;165;34,31;5661,15;0,18;3;3;1
2023-09-18;7;161;19,63;3160,43;0,15;2;1;3
2023-09-18;8;143;45,84;6555,12;0,07;0;2;2
2023-09-18;9;135;39,63;5350,05;0,09;0;3;3
2023-09-18;10;131;42,99;5631,69;0,02;1;2;3
2023-09-18;11;133;18,61;2475,13;0,02;2;1;1
2023-09-18;12;149;14,94;2226,06;0,04;1;3;1
2023-09-18;13;160;30,42;4867,2;0,08;0;3;3
2023-09-18;14;175;49,39;8643,25;0,16;2;3;3
2023-09-18;15;130;17,77;2310,1;0,10;2;3;2
2023-09-18;16;161;43,58;7016,38;0,04;1;1;1
2023-09-25;1;178;14,38;2559,64;0,12;3;2;1
2023-09-25;2;152;58,71;8923,92;0,21;0;1;2
2023-09-25;3;171;28,59;4888,89;0,12;3;3;2
2023-09-25;4;156;57,88;9029,28;0,04;2;1;2
2023-09-25;5;155;18,54;2873,7;0,22;1;3;3
2023-09-25;6;156;46,37;7233,72;0,12;1;2;1
2023-09-25;7;145;33,40;4843;0,05;3;2;2
2023-09-25;8;162;59,95;9711,9;0,17;0;2;3
2023-09-25;9;140;48,99;6858,6;0,06;1;3;3
2023-09-25;10;143;18,59;2658,37;0,03;2;3;3
2023-09-25;11;161;28,19;4538,59;0,11;1;1;2
2023-09-25;12;139;37,20;5170,8;0,15;1;1;2
2023-09-25;13;162;35,26;5712,12;0,21;2;3;1
2023-09-25;14;141;54,45;7677,45;0,19;3;2;2
2023-09-25;15;126;17,23;2170,98;0,13;0;2;2
2023-09-25;16;134;41,51;5562,34;0,09;0;1;1
2023-10-02;1;143;57,08;8162,44;0,08;1;2;1
2023-10-02;2;164;45,51;7463,64;0,16;4;1;3
2023-10-02;3;163;43,12;7028,56;0,16;0;1;3
2023-10-02;4;151;48,10;7263,1;0,13;0;3;2
2023-10-02;5;159;18,26;2903,34;0,24;1;1;1
2023-10-02;6;148;40,16;5943,68;0,09;1;2;1
2023-10-02;7;163;49,90;8133,7;0,14;5;1;1
2023-10-02;8;153;12,53;1917,09;0,22;3;2;3
2023-10-02;9;144;34,48;4965,12;0,24;4;1;2
2023-10-02;10;170;51,55;8763,5;0,18;4;2;2
2023-10-02;11;152;39,87;6060,24;0,17;1;3;1
2023-10-02;12;146;28,71;4191,66;0,09;0;3;1
2023-10-02;13;175;10,06;1760,5;0,19;2;2;3
2023-10-02;14;154;48,90;7530,6;0,11;0;3;2
2023-10-02;15;158;26,45;4179,1;0,11;0;3;2
2023-10-02;16;148;37,95;5616,6;0,17;0;2;3
2023-10-09;1;166;21,27;3530,82;0,17;1;1;3
2023-10-09;2;150;50,29;7543,5;0,15;0;1;1
2023-10-09;3;145;38,42;5570,9;0,03;1;2;2
2023-10-09;4;140;52,17;7303,8;0,11;1;1;2
2023-10-09;5;169;38,31;6474,39;0,07;2;1;1
2023-10-09;6;153;59,53;9108,09;0,22;2;1;2
2023-10-09;7;151;19,24;2905,24;0,08;2;2;3
2023-10-09;8;148;17,40;2575,2;0,13;2;2;1
2023-10-09;9;151;59,48;8981,48;0,03;0;1;1
2023-10-09;10;134;28,63;3836,42;0,18;1;1;2
2023-10-09;11;155;37,41;5798,55;0,13;0;2;2
2023-10-09;12;147;33,10;4865,7;0,23;3;3;3
2023-10-09;13;163;45,86;7475,18;0,10;1;3;2
2023-10-09;14;144;26,59;3828,96;0,12;4;1;2
2023-10-09;15;143;21,44;3065,92;0,05;1;1;3
2023-10-09;16;156;21,05;3283,8;0,11;1;2;3
2023-10-16;1;158;18,02;2847,16;0,22;1;1;2
2023-10-16;2;159;58,16;9247,44;0,12;2;3;3
2023-10-16;3;144;33,17;4776,48;0,11;3;1;2
2023-10-16;4;165;34,51;5694,15;0,09;6;2;2
2023-10-16;5;132;44,08;5818,56;0,23;2;2;3
2023-10-16;6;155;28,69;4446,95;0,03;3;3;2
2023-10-16;7;159;42,61;6774,99;0,13;0;2;2
2023-10-16;8;144;46,25;6660;0,04;2;2;2
2023-10-16;9;157;16,76;2631,32;0,08;1;2;3
2023-10-16;10;157;51,45;8077,65;0,19;0;2;1
2023-10-16;11;158;47,41;7490,78;0,05;0;2;3
2023-10-16;12;140;49,68;6955,2;0,18;3;3;1
2023-10-16;13;125;44,96;5620;0,07;1;3;1
2023-10-16;14;152;42,13;6403,76;0,08;2;3;3
2023-10-16;15;164;56,54;9272,56;0,13;4;2;2
2023-10-16;16;139;30,19;4196,41;0,19;2;3;2
2023-10-23;1;150;28,86;4329;0,05;2;1;1
2023-10-23;2;154;34,33;5286,82;0,24;2;1;3
2023-10-23;3;132;58,78;7758,96;0,18;3;1;1
2023-10-23;4;143;45,70;6535,1;0,07;1;2;1
2023-10-23;5;154;51,36;7909,44;0,21;3;3;1
2023-10-23;6;162;29,07;4709,34;0,21;1;2;3
2023-10-23;7;140;17,09;2392,6;0,17;1;3;1
2023-10-23;8;161;41,19;6631,59;0,21;2;3;3
2023-10-23;9;153;19,58;2995,74;0,24;1;2;1
2023-10-23;10;151;37,01;5588,51;0,15;6;1;2
2023-10-23;11;148;20,82;3081,36;0,13;4;2;1
2023-10-23;12;177;49,89;8830,53;0,04;2;2;1
2023-10-23;13;154;15,66;2411,64;0,03;2;2;3
2023-10-23;14;135;27,85;3759,75;0,14;2;2;1
2023-10-23;15;157;33,22;5215,54;0,10;3;1;3
2023-10-23;16;144;47,17;6792,48;0,09;3;1;2
2023-10-30;1;144;12,26;1765,44;0,10;1;2;2
2023-10-30;2;149;44,98;6702,02;0,24;2;3;1
2023-10-30;3;128;36,77;4706,56;0,00;0;1;3
2023-10-30;4;171;49,94;8539,74;0,25;3;1;3
2023-10-30;5;112;20,94;2345,28;0,13;2;1;3
2023-10-30;6;165;56,41;9307,65;0,13;3;1;1
2023-10-30;7;148;55,82;8261,36;0,10;1;2;3
2023-10-30;8;144;59,75;8604;0,01;3;2;1
2023-10-30;9;136;12,53;1704,08;0,14;1;1;3
2023-10-30;10;134;20,87;2796,58;0,06;1;2;3
2023-10-30;11;153;10,88;1664,64;0,06;1;3;2
2023-10-30;12;144;49,39;7112,16;0,16;1;2;2
2023-10-30;13;157;39,74;6239,18;0,20;2;1;2
2023-10-30;14;152;47,29;7188,08;0,05;2;1;1
2023-10-30;15;162;33,65;5451,3;0,05;0;1;3
2023-10-30;16;159;42,54;6763,86;0,04;4;3;3
2023-11-06;1;153;46,82;7163,46;0,24;0;3;2
2023-11-06;2;153;54,50;8338,5;0,22;4;1;1
2023-11-06;3;150;31,36;4704;0,11;1;1;2
2023-11-06;4;141;50,78;7159,98;0,16;4;2;1
2023-11-06;5;141;34,62;4881,42;0,02;1;1;1
2023-11-06;6;134;15,31;2051,54;0,24;1;1;3
2023-11-06;7;148;43,87;6492,76;0,15;2;1;2
2023-11-06;8;163;42,13;6867,19;0,22;2;1;3
2023-11-06;9;142;37,07;5263,94;0,23;0;1;1
2023-11-06;10;146;22,48;3282,08;0,24;4;2;3
2023-11-06;11;167;42,35;7072,45;0,22;3;3;2
2023-11-06;12;124;32,57;4038,68;0,10;2;1;2
2023-11-06;13;143;23,74;3394,82;0,14;0;1;2
2023-11-06;14;135;19,33;2609,55;0,06;2;1;2
2023-11-06;15;131;11,15;1460,65;0,09;2;3;3
2023-11-06;16;130;55,47;7211,1;0,03;5;1;2
2023-11-13;1;142;10,25;1455,5;0,10;2;1;2
2023-11-13;2;144;45,83;6599,52;0,09;2;3;1
2023-11-13;3;175;25,31;4429,25;0,12;2;1;1
2023-11-13;4;151;43,36;6547,36;0,16;2;2;1
2023-11-13;5;133;27,81;3698,73;0,12;3;3;3
2023-11-13;6;149;31,94;4759,06;0,21;2;1;2
2023-11-13;7;150;33,25;4987,5;0,14;8;1;1
2023-11-13;8;155;34,57;5358,35;0,09;3;3;3
2023-11-13;9;148;44,13;6531,24;0,01;1;2;1
2023-11-13;10;145;34,71;5032,95;0,01;2;2;1
2023-11-13;11;147;34,98;5142,06;0,18;0;3;2
2023-11-13;12;160;55,20;8832;0,01;1;3;2
2023-11-13;13;156;30,53;4762,68;0,24;1;3;1
2023-11-13;14;158;35,03;5534,74;0,24;0;3;1
2023-11-13;15;168;22,95;3855,6;0,23;1;1;1
2023-11-13;16;162;52,55;8513,1;0,16;0;1;1
2023-11-20;1;155;30,60;4743;0,04;0;3;3
2023-11-20;2;139;34,08;4737,12;0,13;1;3;2
2023-11-20;3;157;27,90;4380,3;0,22;2;2;2
2023-11-20;4;158;10,03;1584,74;0,22;3;2;2
2023-11-20;5;133;43,07;5728,31;0,16;3;2;3
2023-11-20;6;135;14,86;2006,1;0,10;0;2;1
2023-11-20;7;168;52,49;8818,32;0,01;1;3;2
2023-11-20;8;141;50,14;7069,74;0,10;0;1;2
2023-11-20;9;126;48,00;6048;0,11;2;1;1
2023-11-20;10;157;17,14;2690,98;0,19;2;2;1
2023-11-20;11;146;10,60;1547,6;0,07;0;2;3
2023-11-20;12;140;16,07;2249,8;0,03;3;1;2
2023-11-20;13;153;27,29;4175,37;0,17;0;2;2
2023-11-20;14;154;10,10;1555,4;0,23;2;1;1
2023-11-20;15;172;26,39;4539,08;0,10;2;2;1
2023-11-20;16;152;11,27;1713,04;0,18;1;3;2
2023-11-27;1;137;35,25;4829,25;0,03;0;1;2
2023-11-27;2;147;25,88;3804,36;0,04;0;2;2
2023-11-27;3;156;15,89;2478,84;0,23;2;2;1
2023-11-27;4;148;19,41;2872,68;0,02;0;3;3
2023-11-27;5;147;18,34;2695,98;0,11;1;2;2
2023-11-27;6;149;42,22;6290,78;0,23;0;1;1
2023-11-27;7;131;35,32;4626,92;0,19;0;3;2
2023-11-27;8;155;54,76;8487,8;0,20;2;2;3
2023-11-27;9;135;38,86;5246,1;0,07;2;1;3
2023-11-27;10;154;42,80;6591,2;0,23;0;3;3
2023-11-27;11;153;32,98;5045,94;0,07;1;3;3
2023-11-27;12;154;29,19;4495,26;0,13;1;2;2
2023-11-27;13;145;23,80;3451;0,05;1;1;3
2023-11-27;14;164;11,64;1908,96;0,06;5;1;2
2023-11-27;15;163;56,46;9202,98;0,11;5;2;3
2023-11-27;16;142;41,90;5949,8;0,09;2;2;3
2023-12-04;1;143;23,79;3401,97;0,01;3;1;3
2023-12-04;2;158;37,95;5996,1;0,03;0;3;3
2023-12-04;3;142;18,65;2648,3;0,23;1;3;3
2023-12-04;4;158;23,45;3705,1;0,24;1;2;2
2023-12-04;5;142;16,45;2335,9;0,06;2;3;3
2023-12-04;6;148;16,12;2385,76;0,20;2;1;2
2023-12-04;7;127;46,86;5951,22;0,23;0;1;2
2023-12-04;8;148;28,56;4226,88;0,13;0;2;1
2023-12-04;9;158;51,45;8129,1;0,07;3;3;1
2023-12-04;10;161;38,69;6229,09;0,05;2;3;2
2023-12-04;11;151;44,18;6671,18;0,24;0;3;1
2023-12-04;12;144;18,51;2665,44;0,01;1;3;2
2023-12-04;13;166;31,45;5220,7;0,19;4;1;1
2023-12-04;14;178;47,30;8419,4;0,16;1;3;1
2023-12-04;15;150;53,58;8037;0,09;2;2;2
2023-12-04;16;136;59,60;8105,6;0,19;4;3;2
2023-12-11;1;142;35,15;4991,3;0,12;0;2;1
2023-12-11;2;159;19,32;3071,88;0,08;2;3;1
2023-12-11;3;158;36,28;5732,24;0,03;3;3;1
2023-12-11;4;172;10,88;1871,36;0,13;2;1;2
2023-12-11;5;165;57,66;9513,9;0,15;3;3;3
2023-12-11;6;147;33,16;4874,52;0,04;1;2;2
2023-12-11;7;165;17,54;2894,1;0,03;1;2;1
2023-12-11;8;167;47,59;7947,53;0,16;3;3;2
2023-12-11;9;120;29,83;3579,6;0,11;3;3;2
2023-12-11;10;152;30,39;4619,28;0,10;4;1;2
2023-12-11;11;153;45,66;6985,98;0,19;2;2;1
2023-12-11;12;140;46,61;6525,4;0,19;5;2;1
2023-12-11;13;162;57,57;9326,34;0,04;1;1;2
2023-12-11;14;153;51,97;7951,41;0,19;2;1;2
2023-12-11;15;159;25,65;4078,35;0,04;3;1;3
2023-12-11;16;153;37,27;5702,31;0,05;1;2;2
2023-12-18;1;146;10,28;1500,88;0,25;4;2;3
2023-12-18;2;184;11,31;2081,04;0,06;4;1;3
2023-12-18;3;128;14,40;1843,2;0,21;1;3;2
2023-12-18;4;169;58,55;9894,95;0,13;2;3;3
2023-12-18;5;153;52,30;8001,9;0,16;2;1;1
2023-12-18;6;161;42,51;6844,11;0,05;2;2;1
2023-12-18;7;112;13,85;1551,2;0,10;2;1;3
2023-12-18;8;164;54,84;8993,76;0,08;0;2;3
2023-12-18;9;159;26,98;4289,82;0,09;4;3;2
2023-12-18;10;126;25,48;3210,48;0,01;2;2;1
2023-12-18;11;144;45,38;6534,72;0,13;2;1;2
2023-12-18;12;153;46,71;7146,63;0,15;0;3;2
2023-12-18;13;169;53,43;9029,67;0,22;1;1;3
2023-12-18;14;150;32,47;4870,5;0,22;2;1;1
2023-12-18;15;134;59,80;8013,2;0,15;2;2;3
2023-12-18;16;160;28,59;4574,4;0,18;1;3;1
2023-12-25;1;152;48,88;7429,76;0,07;0;2;1
2023-12-25;2;142;27,11;3849,62;0,14;0;1;3
2023-12-25;3;150;36,73;5509,5;0,11;1;2;1
2023-12-25;4;169;44,07;7447,83;0,23;2;1;2
2023-12-25;5;166;34,69;5758,54;0,11;0;2;2
2023-12-25;6;148;43,49;6436,52;0,23;0;2;1
2023-12-25;7;144;32,76;4717,44;0,19;1;3;1
2023-12-25;8;167;39,06;6523,02;0,04;1;1;1
2023-12-25;9;140;56,41;7897,4;0,13;0;3;3
2023-12-25;10;141;41,16;5803,56;0,11;1;2;2
2023-12-25;11;152;13,95;2120,4;0,01;1;3;1
2023-12-25;12;130;48,65;6324,5;0,18;1;1;3
2023-12-25;13;165;54,25;8951,25;0,10;1;2;2
2023-12-25;14;147;58,77;8639,19;0,03;1;2;1
2023-12-25;15;143;17,61;2518,23;0,01;1;2;1
2023-12-25;16;166;16,18;2685,88;0,16;6;2;3
2024-01-01;1;140;58,59;8202,6;0,04;1;2;2
2024-01-01;2;143;22,12;3163,16;0,22;3;3;1
2024-01-01;3;147;18,28;2687,16;0,11;2;3;1
2024-01-01;4;146;10,05;1467,3;0,20;3;3;3
2024-01-01;5;152;59,96;9113,92;0,15;2;1;3
2024-01-01;6;157;10,48;1645,36;0,06;2;2;2
2024-01-01;7;168;30,67;5152,56;0,09;2;1;3
2024-01-01;8;159;24,57;3906,63;0,23;2;1;1
2024-01-01;9;161;27,20;4379,2;0,22;0;3;1
2024-01-01;10;150;47,56;7134;0,07;0;1;2
2024-01-01;11;172;15,23;2619,56;0,05;7;1;1
2024-01-01;12;138;31,01;4279,38;0,22;2;1;2
2024-01-01;13;153;53,99;8260,47;0,11;4;3;1
2024-01-01;14;150;13,46;2019;0,19;1;1;2
2024-01-01;15;145;17,34;2514,3;0,05;1;2;3
2024-01-01;16;168;46,22;7764,96;0,02;2;3;2
2024-01-08;1;149;52,31;7794,19;0,11;2;3;3
2024-01-08;2;138;13,73;1894,74;0,09;0;2;3
2024-01-08;3;158;47,55;7512,9;0,13;0;2;1
2024-01-08;4;159;55,18;8773,62;0,14;2;3;1
2024-01-08;5;159;18,21;2895,39;0,02;1;3;1
2024-01-08;6;147;44,67;6566,49;0,05;0;3;2
2024-01-08;7;152;59,91;9106,32;0,09;3;1;2
2024-01-08;8;146;39,91;5826,86;0,01;0;1;3
2024-01-08;9;159;40,29;6406,11;0,07;3;2;3
2024-01-08;10;162;36,24;5870,88;0,07;3;1;1
2024-01-08;11;137;19,20;2630,4;0,17;2;2;2
2024-01-08;12;155;15,01;2326,55;0,23;1;3;2
2024-01-08;13;147;19,64;2887,08;0,03;1;2;2
2024-01-08;14;139;54,63;7593,57;0,13;1;2;1
2024-01-08;15;132;39,20;5174,4;0,04;1;2;2
2024-01-08;16;149;22,13;3297,37;0,13;2;3;3
2024-01-15;1;148;53,47;7913,56;0,12;4;1;3
2024-01-15;2;128;29,03;3715,84;0,15;1;2;1
2024-01-15;3;149;18,52;2759,48;0,21;3;1;2
2024-01-15;4;156;39,88;6221,28;0,05;1;2;2
2024-01-15;5;157;10,93;1716,01;0,24;3;2;3
2024-01-15;6;141;56,16;7918,56;0,02;1;1;3
2024-01-15;7;148;51,78;7663,44;0,10;0;1;1
2024-01-15;8;126;30,46;3837,96;0,18;0;3;3
2024-01-15;9;155;22,76;3527,8;0,15;2;3;1
2024-01-15;10;149;40,96;6103,04;0,24;1;3;3
2024-01-15;11;146;13,81;2016,26;0,14;1;2;2
2024-01-15;12;133;10,17;1352,61;0,10;0;3;3
2024-01-15;13;171;36,96;6320,16;0,07;2;1;3
2024-01-15;14;148;45,02;6662,96;0,03;0;1;1
2024-01-15;15;160;34,93;5588,8;0,12;1;1;3
2024-01-15;16;148;34,98;5177,04;0,13;2;2;3
2024-01-22;1;158;30,68;4847,44;0,09;2;3;3
2024-01-22;2;148;44,82;6633,36;0,22;2;3;3
2024-01-22;3;183;12,62;2309,46;0,14;5;2;3
2024-01-22;4;147;36,08;5303,76;0,16;1;1;1
2024-01-22;5;168;26,34;4425,12;0,09;1;1;3
2024-01-22;6;131;28,27;3703,37;0,22;3;2;1
2024-01-22;7;158;29,48;4657,84;0,13;1;1;3
2024-01-22;8;154;41,06;6323,24;0,07;0;1;3
2024-01-22;9;152;31,33;4762,16;0,02;3;1;3
2024-01-22;10;154;35,55;5474,7;0,12;0;3;1
2024-01-22;11;154;47,45;7307,3;0,05;3;2;2
2024-01-22;12;144;13,59;1956,96;0,12;2;3;3
2024-01-22;13;140;41,34;5787,6;0,00;2;3;2
2024-01-22;14;150;59,79;8968,5;0,22;1;2;2
2024-01-22;15;151;48,77;7364,27;0,23;1;3;1
2024-01-22;16;162;29,83;4832,46;0,23;1;1;3
2024-01-29;1;149;23,06;3435,94;0,08;3;1;1
2024-01-29;2;156;23,56;3675,36;0,14;4;1;1
2024-01-29;3;143;35,54;5082,22;0,10;0;2;1
2024-01-29;4;152;52,95;8048,4;0,18;0;2;1
2024-01-29;5;136;10,49;1426,64;0,08;1;2;2
2024-01-29;6;140;36,49;5108,6;0,07;2;1;1
2024-01-29;7;160;28,05;4488;0,14;2;2;2
2024-01-29;8;154;14,12;2174,48;0,09;1;3;3
2024-01-29;9;141;16,95;2389,95;0,09;1;3;3
2024-01-29;10;160;18,64;2982,4;0,15;2;3;3
2024-01-29;11;153;17,75;2715,75;0,00;2;2;2
2024-01-29;12;131;47,23;6187,13;0,07;2;3;1
2024-01-29;13;171;20,86;3567,06;0,03;0;2;1
2024-01-29;14;126;31,60;3981,6;0,08;2;3;3
2024-01-29;15;166;36,53;6063,98;0,03;2;3;1
2024-01-29;16;145;52,12;7557,4;0,08;0;3;2
2024-02-05;1;144;38,98;5613,12;0,18;0;3;1
2024-02-05;2;153;23,10;3534,3;0,23;4;2;2
2024-02-05;3;141;21,94;3093,54;0,18;2;2;3
2024-02-05;4;140;50,61;7085,4;0,09;0;1;1
2024-02-05;5;130;58,90;7657;0,21;1;2;1
2024-02-05;6;151;18,15;2740,65;0,12;1;2;2
2024-02-05;7;151;40,19;6068,69;0,15;0;1;2
2024-02-05;8;166;35,11;5828,26;0,13;1;3;1
2024-02-05;9;157;18,19;2855,83;0,02;2;1;2
2024-02-05;10;141;44,79;6315,39;0,08;2;1;3
2024-02-05;11;152;48,16;7320,32;0,22;0;2;3
2024-02-05;12;140;32,10;4494;0,22;1;1;1
2024-02-05;13;165;26,98;4451,7;0,22;1;1;1
2024-02-05;14;161;57,44;9247,84;0,14;2;1;1
2024-02-05;15;130;55,05;7156,5;0,22;0;1;2
2024-02-05;16;143;18,61;2661,23;0,18;0;3;3
2024-02-12;1;144;34,10;4910,4;0,18;4;3;3
2024-02-12;2;133;21,52;2862,16;0,10;0;2;3
2024-02-12;3;134;27,10;3631,4;0,22;2;1;1
2024-02-12;4;140;25,99;3638,6;0,08;2;2;2
2024-02-12;5;151;17,45;2634,95;0,01;0;3;2
2024-02-12;6;132;15,62;2061,84;0,18;1;2;1
2024-02-12;7;128;38,98;4989,44;0,06;3;1;2
2024-02-12;8;121;47,60;5759,6;0,18;0;1;3
2024-02-12;9;126;25,68;3235,68;0,05;1;1;1
2024-02-12;10;170;48,29;8209,3;0,14;1;2;1
2024-02-12;11;140;55,64;7789,6;0,17;1;3;3
2024-02-12;12;153;48,65;7443,45;0,23;1;3;3
2024-02-12;13;142;30,79;4372,18;0,15;1;1;2
2024-02-12;14;136;44,55;6058,8;0,20;1;2;3
2024-02-12;15;136;49,31;6706,16;0,10;2;3;1
2024-02-12;16;150;49,81;7471,5;0,02;1;1;3
2024-02-19;1;139;35,15;4885,85;0,12;2;2;2
2024-02-19;2;159;30,48;4846,32;0,16;2;2;1
2024-02-19;3;147;57,36;8431,92;0,05;3;2;2
2024-02-19;4;123;24,41;3002,43;0,16;0;3;3
2024-02-19;5;167;42,60;7114,2;0,11;4;3;2
2024-02-19;6;163;45,09;7349,67;0,14;2;1;3
2024-02-19;7;144;13,91;2003,04;0,09;2;1;1
2024-02-19;8;152;19,29;2932,08;0,17;0;3;2
2024-02-19;9;142;25,52;3623,84;0,01;3;3;3
2024-02-19;10;143;13,74;1964,82;0,06;0;1;2
2024-02-19;11;160;50,23;8036,8;0,04;1;3;1
2024-02-19;12;157;40,06;6289,42;0,23;1;1;3
2024-02-19;13;150;13,89;2083,5;0,01;1;2;1
2024-02-19;14;155;19,51;3024,05;0,11;2;3;2
2024-02-19;15;140;40,68;5695,2;0,24;2;1;3
2024-02-19;16;161;23,61;3801,21;0,11;3;3;2
2024-02-26;1;148;59,44;8797,12;0,02;0;3;3
2024-02-26;2;135;16,55;2234,25;0,22;0;3;1
2024-02-26;3;143;56,58;8090,94;0,17;3;3;1
2024-02-26;4;140;21,15;2961;0,18;0;1;2
2024-02-26;5;123;42,10;5178,3;0,17;1;2;2
2024-02-26;6;162;15,27;2473,74;0,20;4;3;3
2024-02-26;7;125;34,38;4297,5;0,04;2;2;2
2024-02-26;8;142;43,55;6184,1;0,15;0;1;2
2024-02-26;9;139;22,04;3063,56;0,09;2;3;1
2024-02-26;10;145;31,97;4635,65;0,20;4;2;2
2024-02-26;11;140;41,09;5752,6;0,20;2;1;2
2024-02-26;12;147;13,50;1984,5;0,13;5;3;1
2024-02-26;13;159;51,36;8166,24;0,19;1;3;3
2024-02-26;14;166;24,76;4110,16;0,07;3;1;3
2024-02-26;15;174;40,28;7008,72;0,06;2;3;1
2024-02-26;16;140;29,35;4109;0,21;1;2;1
2024-03-04;1;163;32,01;5217,63;0,15;0;1;3
2024-03-04;2;177;35,39;6264,03;0,21;3;1;1
2024-03-04;3;151;13,24;1999,24;0,03;2;3;2
2024-03-04;4;145;26,40;3828;0,10;3;2;2
2024-03-04;5;161;23,22;3738,42;0,08;3;1;3
2024-03-04;6;169;21,34;3606,46;0,05;3;1;3
2024-03-04;7;168;31,03;5213,04;0,21;3;1;2
2024-03-04;8;162;55,58;9003,96;0,08;0;3;1
2024-03-04;9;158;52,73;8331,34;0,02;3;2;3
2024-03-04;10;142;12,01;1705,42;0,15;2;3;2
2024-03-04;11;145;36,88;5347,6;0,21;1;1;3
2024-03-04;12;141;57,46;8101,86;0,09;0;1;3
2024-03-04;13;161;16,43;2645,23;0,25;2;3;1
2024-03-04;14;150;54,93;8239,5;0,06;1;1;3
2024-03-04;15;133;39,78;5290,74;0,15;0;1;2
2024-03-04;16;155;27,89;4322,95;0,20;1;3;2
2024-03-11;1;160;37,56;6009,6;0,24;5;3;1
2024-03-11;2;142;13,15;1867,3;0,22;1;2;1
2024-03-11;3;146;57,34;8371,64;0,13;1;3;1
2024-03-11;4;145;40,09;5813,05;0,23;3;3;2
2024-03-11;5;149;31,16;4642,84;0,06;5;1;3
2024-03-11;6;143;59,48;8505,64;0,03;2;3;2
2024-03-11;7;174;10,13;1762,62;0,09;0;3;1
2024-03-11;8;147;31,94;4695,18;0,11;1;2;1
2024-03-11;9;153;25,42;3889,26;0,21;2;1;3
2024-03-11;10;143;28,06;4012,58;0,16;0;2;3
2024-03-11;11;171;56,00;9576;0,01;1;2;3
2024-03-11;12;165;31,81;5248,65;0,03;1;1;3
2024-03-11;13;164;46,84;7681,76;0,09;4;2;1
2024-03-11;14;158;31,32;4948,56;0,23;2;3;2
2024-03-11;15;158;21,18;3346,44;0,18;2;1;1
2024-03-11;16;150;20,41;3061,5;0,20;4;3;1
2024-03-18;1;168;30,30;5090,4;0,20;2;3;1
2024-03-18;2;152;36,80;5593,6;0,13;0;3;2
2024-03-18;3;127;55,66;7068,82;0,10;1;1;3
2024-03-18;4;164;40,48;6638,72;0,07;3;2;3
2024-03-18;5;136;19,58;2662,88;0,07;1;3;1
2024-03-18;6;156;43,83;6837,48;0,02;0;2;3
2024-03-18;7;150;52,98;7947;0,24;2;2;2
2024-03-18;8;156;41,14;6417,84;0,04;2;2;3
2024-03-18;9;146;36,18;5282,28;0,03;1;3;2
2024-03-18;10;133;54,56;7256,48;0,12;0;2;3
2024-03-18;11;146;20,01;2921,46;0,01;1;2;2
2024-03-18;12;162;40,32;6531,84;0,05;1;3;2
2024-03-18;13;164;52,90;8675,6;0,12;3;1;1
2024-03-18;14;143;47,58;6803,94;0,20;0;1;2
2024-03-18;15;191;13,43;2565,13;0,15;3;1;2
2024-03-18;16;182;11,26;2049,32;0,15;1;2;2
2024-03-25;1;148;13,23;1958,04;0,12;1;2;3
2024-03-25;2;158;19,26;3043,08;0,05;1;1;1
2024-03-25;3;137;59,72;8181,64;0,16;2;2;3
2024-03-25;4;147;55,55;8165,85;0,24;1;1;3
2024-03-25;5;142;16,62;2360,04;0,19;2;2;3
2024-03-25;6;150;39,10;5865;0,10;0;1;1
2024-03-25;7;147;13,55;1991,85;0,08;0;3;3
2024-03-25;8;159;13,13;2087,67;0,24;0;1;2
2024-03-25;9;153;49,39;7556,67;0,01;3;3;3
2024-03-25;10;171;34,10;5831,1;0,01;2;1;2
2024-03-25;11;147;30,19;4437,93;0,17;0;2;1
2024-03-25;12;134;12,28;1645,52;0,14;2;1;3
2024-03-25;13;154;44,03;6780,62;0,08;1;2;1
2024-03-25;14;143;18,08;2585,44;0,00;2;3;1
2024-03-25;15;175;49,15;8601,25;0,17;2;1;1
2024-03-25;16;158;21,24;3355,92;0,08;1;1;2
2024-04-01;1;148;27,26;4034,48;0,09;3;3;2
2024-04-01;2;150;53,04;7956;0,12;2;3;2
2024-04-01;3;130;30,22;3928,6;0,12;4;3;1
2024-04-01;4;157;45,08;7077,56;0,00;0;1;2
2024-04-01;5;163;28,21;4598,23;0,13;3;2;1
2024-04-01;6;155;16,02;2483,1;0,07;4;2;2
2024-04-01;7;148;34,93;5169,64;0,22;2;1;2
2024-04-01;8;157;11,45;1797,65;0,23;4;1;1
2024-04-01;9;162;52,23;8461,26;0,15;0;3;1
2024-04-01;10;146;27,56;4023,76;0,22;0;3;1
2024-04-01;11;144;12,58;1811,52;0,03;0;2;1
2024-04-01;12;164;24,94;4090,16;0,00;2;3;2
2024-04-01;13;154;28,72;4422,88;0,05;2;3;1
2024-04-01;14;162;34,34;5563,08;0,06;0;2;2
2024-04-01;15;159;20,81;3308,79;0,08;4;2;3
2024-04-01;16;164;33,00;5412;0,16;1;2;1
2024-04-08;1;128;39,70;5081,6;0,07;2;1;3
2024-04-08;2;135;16,25;2193,75;0,10;0;3;1
2024-04-08;3;141;33,91;4781,31;0,14;1;3;3
2024-04-08;4;151;25,81;3897,31;0,21;1;3;2
2024-04-08;5;144;52,26;7525,44;0,25;2;3;2
2024-04-08;6;146;43,17;6302,82;0,25;2;1;2
2024-04-08;7;167;30,35;5068,45;0,23;2;2;1
2024-04-08;8;148;55,03;8144,44;0,14;1;1;2
2024-04-08;9;148;14,84;2196,32;0,19;0;1;3
2024-04-08;10;147;33,38;4906,86;0,21;1;1;2
2024-04-08;11;180;11,91;2143,8;0,22;3;1;1
2024-04-08;12;150;35,25;5287,5;0,12;1;2;3
2024-04-08;13;144;32,63;4698,72;0,01;1;2;2
2024-04-08;14;139;39,94;5551,66;0,19;4;2;3
2024-04-08;15;143;30,17;4314,31;0,12;3;1;2
2024-04-08;16;152;47,13;7163,76;0,13;0;3;1
2024-04-15;1;153;52,13;7975,89;0,15;1;1;1
2024-04-15;2;130;47,60;6188;0,09;0;1;3
2024-04-15;3;173;41,91;7250,43;0,03;0;3;2
2024-04-15;4;132;15,78;2082,96;0,21;5;2;2
2024-04-15;5;145;45,58;6609,1;0,23;3;2;1
2024-04-15;6;125;47,73;5966,25;0,17;0;3;1
2024-04-15;7;150;20,94;3141;0,22;0;2;1
2024-04-15;8;161;25,76;4147,36;0,18;3;3;3
2024-04-15;9;173;44,30;7663,9;0,15;2;3;3
2024-04-15;10;168;24,11;4050,48;0,13;0;3;3
2024-04-15;11;169;33,89;5727,41;0,20;1;1;3
2024-04-15;12;152;28,29;4300,08;0,03;2;3;3
2024-04-15;13;149;33,39;4975,11;0,05;3;3;1
2024-04-15;14;150;25,13;3769,5;0,24;1;3;1
2024-04-15;15;167;59,52;9939,84;0,18;1;1;2
2024-04-15;16;147;27,20;3998,4;0,19;2;1;3
2024-04-22;1;162;36,63;5934,06;0,06;1;1;1
2024-04-22;2;154;58,47;9004,38;0,23;1;3;3
2024-04-22;3;150;54,11;8116,5;0,17;1;1;1
2024-04-22;4;148;57,97;8579,56;0,04;0;2;2
2024-04-22;5;166;42,99;7136,34;0,14;0;2;2
2024-04-22;6;153;26,25;4016,25;0,23;1;3;2
2024-04-22;7;175;25,73;4502,75;0,16;3;1;3
2024-04-22;8;150;12,01;1801,5;0,23;0;1;3
2024-04-22;9;167;51,64;8623,88;0,17;0;2;3
2024-04-22;10;171;22,21;3797,91;0,20;0;3;3
2024-04-22;11;139;51,52;7161,28;0,04;1;3;3
2024-04-22;12;158;56,78;8971,24;0,20;2;2;1
2024-04-22;13;148;45,49;6732,52;0,25;2;3;3
2024-04-22;14;154;45,99;7082,46;0,14;1;1;2
2024-04-22;15;175;21,84;3822;0,08;4;3;2
2024-04-22;16;167;11,92;1990,64;0,01;1;2;1
2024-04-29;1;155;41,69;6461,95;0,18;0;3;1
2024-04-29;2;132;17,74;2341,68;0,02;2;3;1
2024-04-29;3;162;50,85;8237,7;0,17;2;1;1
2024-04-29;4;137;24,45;3349,65;0,24;5;1;2
2024-04-29;5;161;36,00;5796;0,24;2;2;3
2024-04-29;6;176;26,69;4697,44;0,21;0;1;2
2024-04-29;7;176;56,32;9912,32;0,08;2;2;1
2024-04-29;8;149;35,22;5247,78;0,24;2;1;1
2024-04-29;9;141;24,70;3482,7;0,09;0;1;2
2024-04-29;10;169;22,95;3878,55;0,23;3;3;2
2024-04-29;11;135;55,65;7512,75;0,02;2;3;3
2024-04-29;12;152;34,64;5265,28;0,17;0;3;3
2024-04-29;13;160;32,76;5241,6;0,04;3;3;2
2024-04-29;14;143;31,44;4495,92;0,19;1;3;2
2024-04-29;15;161;19,58;3152,38;0,14;4;2;1
2024-04-29;16;128;17,83;2282,24;0,16;1;1;3
2024-05-06;1;163;19,82;3230,66;0,08;2;3;1
2024-05-06;2;157;57,19;8978,83;0,09;2;3;2
2024-05-06;3;151;52,31;7898,81;0,20;1;1;3
2024-05-06;4;153;44,49;6806,97;0,08;3;1;1
2024-05-06;5;139;23,43;3256,77;0,05;1;1;2
2024-05-06;6;138;22,07;3045,66;0,18;1;1;3
2024-05-06;7;166;29,32;4867,12;0,19;4;2;3
2024-05-06;8;139;33,32;4631,48;0,14;1;2;3
2024-05-06;9;164;31,91;5233,24;0,12;1;3;2
2024-05-06;10;146;39,01;5695,46;0,16;1;2;1
2024-05-06;11;143;16,64;2379,52;0,06;0;2;1
2024-05-06;12;128;10,98;1405,44;0,06;2;3;1
2024-05-06;13;125;55,66;6957,5;0,20;1;3;2
2024-05-06;14;172;13,63;2344,36;0,25;3;1;2
2024-05-06;15;149;43,56;6490,44;0,05;0;1;3
2024-05-06;16;149;10,50;1564,5;0,20;0;3;1
2024-05-13;1;149;44,34;6606,66;0,01;1;1;3
2024-05-13;2;153;16,75;2562,75;0,17;1;3;1
2024-05-13;3;136;55,63;7565,68;0,00;2;3;3
2024-05-13;4;128;17,53;2243,84;0,11;2;2;2
2024-05-13;5;142;30,56;4339,52;0,06;1;2;3
2024-05-13;6;162;52,33;8477,46;0,08;3;3;1
2024-05-13;7;139;57,42;7981,38;0,00;1;1;3
2024-05-13;8;155;18,80;2914;0,24;2;1;2
2024-05-13;9;136;49,16;6685,76;0,02;0;2;2
2024-05-13;10;153;44,34;6784,02;0,10;2;3;3
2024-05-13;11;157;44,31;6956,67;0,17;1;3;2
2024-05-13;12;151;45,01;6796,51;0,25;0;1;3
2024-05-13;13;126;47,15;5940,9;0,03;1;2;3
2024-05-13;14;144;20,78;2992,32;0,22;2;2;1
2024-05-13;15;176;16,20;2851,2;0,04;5;1;1
2024-05-13;16;158;45,19;7140,02;0,10;1;2;2
2024-05-20;1;136;13,19;1793,84;0,07;1;2;3
2024-05-20;2;136;10,59;1440,24;0,08;3;2;3
2024-05-20;3;143;33,66;4813,38;0,14;2;1;2
2024-05-20;4;138;47,88;6607,44;0,18;0;3;1
2024-05-20;5;165;20,66;3408,9;0,02;2;2;3
2024-05-20;6;158;11,41;1802,78;0,10;2;3;3
2024-05-20;7;158;40,53;6403,74;0,03;2;1;3
2024-05-20;8;166;47,54;7891,64;0,21;2;1;2
2024-05-20;9;141;32,54;4588,14;0,03;0;1;3
2024-05-20;10;155;14,72;2281,6;0,19;3;2;3
2024-05-20;11;158;44,49;7029,42;0,00;1;1;2
2024-05-20;12;146;29,52;4309,92;0,00;1;2;2
2024-05-20;13;150;57,05;8557,5;0,05;0;3;2
2024-05-20;14;136;10,30;1400,8;0,03;1;2;2
2024-05-20;15;140;27,99;3918,6;0,07;1;1;1
2024-05-20;16;145;53,84;7806,8;0,10;2;2;1
2024-05-27;1;130;58,64;7623,2;0,13;1;1;2
2024-05-27;2;138;39,52;5453,76;0,16;0;1;3
2024-05-27;3;152;20,38;3097,76;0,05;1;3;2
2024-05-27;4;158;52,29;8261,82;0,07;3;2;1
2024-05-27;5;159;14,76;2346,84;0,06;4;3;2
2024-05-27;6;143;19,48;2785,64;0,20;1;1;1
2024-05-27;7;144;31,69;4563,36;0,10;1;2;2
2024-05-27;8;162;49,92;8087,04;0,03;3;3;2
2024-05-27;9;133;57,39;7632,87;0,20;1;2;3
2024-05-27;10;154;47,72;7348,88;0,06;0;2;2
2024-05-27;11;160;16,75;2680;0,08;1;2;2
2024-05-27;12;151;55,16;8329,16;0,13;3;2;2
2024-05-27;13;147;21,63;3179,61;0,17;1;3;3
2024-05-27;14;156;11,12;1734,72;0,01;1;3;3
2024-05-27;15;138;37,61;5190,18;0,15;1;2;1
2024-05-27;16;155;59,90;9284,5;0,21;2;2;2
2024-06-03;1;138;56,88;7849,44;0,05;1;1;2
2024-06-03;2;135;30,33;4094,55;0,02;3;1;3
2024-06-03;3;152;27,20;4134,4;0,07;1;3;1
2024-06-03;4;144;48,68;7009,92;0,17;1;1;1
2024-06-03;5;151;13,41;2024,91;0,02;2;2;3
2024-06-03;6;155;47,26;7325,3;0,16;3;3;1
2024-06-03;7;136;14,18;1928,48;0,14;1;1;3
2024-06-03;8;146;10,22;1492,12;0,13;0;2;1
2024-06-03;9;159;51,58;8201,22;0,21;3;3;1
2024-06-03;10;136;10,72;1457,92;0,21;2;2;3
2024-06-03;11;151;14,72;2222,72;0,13;1;1;1
2024-06-03;12;144;26,26;3781,44;0,18;2;3;2
2024-06-03;13;133;49,53;6587,49;0,05;1;3;1
2024-06-03;14;154;48,93;7535,22;0,07;0;2;1
2024-06-03;15;152;56,01;8513,52;0,22;1;3;3
2024-06-03;16;145;23,38;3390,1;0,14;2;1;2
2024-06-10;1;143;33,77;4829,11;0,02;2;1;2
2024-06-10;2;151;25,02;3778,02;0,23;0;2;1
2024-06-10;3;166;54,03;8968,98;0,18;0;3;2
2024-06-10;4;163;11,62;1894,06;0,03;2;3;1
2024-06-10;5;156;46,01;7177,56;0,16;2;3;1
2024-06-10;6;153;55,62;8509,86;0,00;1;2;2
2024-06-10;7;158;11,24;1775,92;0,02;2;2;1
2024-06-10;8;150;22,83;3424,5;0,01;1;1;3
2024-06-10;9;148;14,37;2126,76;0,18;3;3;3
2024-06-10;10;174;12,64;2199,36;0,19;0;1;3
2024-06-10;11;156;46,29;7221,24;0,24;2;3;3
2024-06-10;12;157;56,24;8829,68;0,04;3;3;1
2024-06-10;13;143;51,33;7340,19;0,00;3;1;2
2024-06-10;14;141;44,57;6284,37;0,17;1;2;3
2024-06-10;15;137;40,02;5482,74;0,12;0;1;3
2024-06-10;16;135;53,15;7175,25;0,01;4;2;3
2024-06-17;1;138;38,85;5361,3;0,02;2;1;1
2024-06-17;2;165;49,99;8248,35;0,10;0;3;2
2024-06-17;3;132;37,21;4911,72;0,01;1;2;1
2024-06-17;4;163;34,44;5613,72;0,22;0;1;3
2024-06-17;5;170;45,41;7719,7;0,20;2;3;1
2024-06-17;6;156;27,77;4332,12;0,14;1;1;1
2024-06-17;7;148;16,14;2388,72;0,08;3;2;3
2024-06-17;8;146;18,76;2738,96;0,11;0;2;2
2024-06-17;9;135;40,37;5449,95;0,05;1;3;1
2024-06-17;10;165;10,96;1808,4;0,16;0;1;3
2024-06-17;11;149;38,65;5758,85;0,02;3;2;3
2024-06-17;12;154;38,13;5872,02;0,03;0;2;1
2024-06-17;13;155;39,18;6072,9;0,05;2;2;2
2024-06-17;14;124;37,70;4674,8;0,16;3;1;2
2024-06-17;15;158;12,45;1967,1;0,21;1;1;1
2024-06-17;16;162;29,88;4840,56;0,18;3;1;2
2024-06-24;1;130;49,65;6454,5;0,08;1;3;1
2024-06-24;2;121;33,85;4095,85;0,02;0;2;3
2024-06-24;3;164;41,68;6835,52;0,05;3;2;1
2024-06-24;4;166;55,63;9234,58;0,21;2;1;2
2024-06-24;5;159;23,54;3742,86;0,02;0;1;1
2024-06-24;6;136;21,99;2990,64;0,24;1;3;2
2024-06-24;7;140;20,95;2933;0,25;3;2;1
2024-06-24;8;158;43,53;6877,74;0,16;1;1;3
2024-06-24;9;160;34,47;5515,2;0,00;4;2;1
2024-06-24;10;159;27,08;4305,72;0,04;2;3;3
2024-06-24;11;175;20,65;3613,75;0,09;2;3;3
2024-06-24;12;154;37,71;5807,34;0,09;3;2;2
2024-06-24;13;129;48,78;6292,62;0,02;2;2;2
2024-06-24;14;163;10,65;1735,95;0,05;1;1;2
2024-06-24;15;155;56,48;8754,4;0,19;1;1;3
2024-06-24;16;146;58,55;8548,3;0,13;3;1;2
2024-07-01;1;144;12,69;1827,36;0,25;3;2;3
2024-07-01;2;145;47,61;6903,45;0,23;1;3;2
2024-07-01;3;149;48,93;7290,57;0,10;3;2;3
2024-07-01;4;138;34,66;4783,08;0,11;1;2;2
2024-07-01;5;152;18,76;2851,52;0,19;1;2;2
2024-07-01;6;150;55,48;8322;0,18;0;2;2
2024-07-01;7;149;37,37;5568,13;0,11;1;2;2
2024-07-01;8;156;15,25;2379;0,01;1;2;3
2024-07-01;9;146;24,64;3597,44;0,25;1;2;3
2024-07-01;10;148;23,03;3408,44;0,01;1;1;1
2024-07-01;11;159;28,40;4515,6;0,00;3;3;2
2024-07-01;12;161;28,24;4546,64;0,24;1;3;2
2024-07-01;13;151;39,81;6011,31;0,24;6;2;1
2024-07-01;14;160;34,72;5555,2;0,09;5;2;3
2024-07-01;15;158;10,61;1676,38;0,13;5;2;2
2024-07-01;16;151;11,10;1676,1;0,09;3;3;1
2024-07-08;1;158;39,53;6245,74;0,13;2;1;1
2024-07-08;2;147;16,08;2363,76;0,07;3;1;1
2024-07-08;3;169;11,58;1957,02;0,23;2;2;3
2024-07-08;4;147;31,49;4629,03;0,12;3;3;1
2024-07-08;5;136;10,14;1379,04;0,08;0;2;1
2024-07-08;6;139;21,36;2969,04;0,08;0;2;2
2024-07-08;7;154;14,85;2286,9;0,15;6;1;2
2024-07-08;8;176;49,77;8759,52;0,09;0;1;2
2024-07-08;9;142;36,16;5134,72;0,17;2;1;3
2024-07-08;10;140;25,42;3558,8;0,09;7;2;3
2024-07-08;11;157;29,49;4629,93;0,12;1;2;1
2024-07-08;12;163;24,78;4039,14;0,19;3;2;1
2024-07-08;13;147;12,94;1902,18;0,13;0;2;2
2024-07-08;14;143;54,80;7836,4;0,03;2;2;3
2024-07-08;15;150;42,58;6387;0,15;1;3;1
2024-07-08;16;172;59,53;10239,16;0,13;0;2;1
2024-07-15;1;149;39,86;5939,14;0,17;1;1;3
2024-07-15;2;131;14,07;1843,17;0,17;2;1;2
2024-07-15;3;183;36,62;6701,46;0,14;4;1;3
2024-07-15;4;154;31,82;4900,28;0,16;2;2;1
2024-07-15;5;165;57,58;9500,7;0,01;5;2;3
2024-07-15;6;165;46,75;7713,75;0,02;0;2;3
2024-07-15;7;131;37,37;4895,47;0,05;3;2;2
2024-07-15;8;148;42,64;6310,72;0,08;1;1;1
2024-07-15;9;144;39,31;5660,64;0,06;2;2;3
2024-07-15;10;124;31,96;3963,04;0,18;3;1;3
2024-07-15;11;159;17,55;2790,45;0,20;1;2;1
2024-07-15;12;128;24,59;3147,52;0,01;3;1;2
2024-07-15;13;149;45,82;6827,18;0,22;0;3;3
2024-07-15;14;157;20,50;3218,5;0,12;0;2;2
2024-07-15;15;159;15,41;2450,19;0,20;2;1;2
2024-07-15;16;144;10,00;1440;0,23;1;1;3
2024-07-22;1;154;38,07;5862,78;0,21;2;3;3
2024-07-22;2;169;18,56;3136,64;0,23;2;1;1
2024-07-22;3;128;21,95;2809,6;0,16;2;2;3
2024-07-22;4;157;40,39;6341,23;0,24;5;1;3
2024-07-22;5;155;20,02;3103,1;0,06;4;2;2
2024-07-22;6;134;31,03;4158,02;0,15;1;1;2
2024-07-22;7;142;55,75;7916,5;0,10;1;1;2
2024-07-22;8;157;29,11;4570,27;0,10;1;1;2
2024-07-22;9;140;44,32;6204,8;0,19;2;1;2
2024-07-22;10;145;10,33;1497,85;0,12;2;2;3
2024-07-22;11;155;42,23;6545,65;0,23;2;1;1
2024-07-22;12;158;11,87;1875,46;0,09;2;2;3
2024-07-22;13;162;58,00;9396;0,07;2;2;2
2024-07-22;14;147;50,13;7369,11;0,07;0;3;3
2024-07-22;15;151;49,86;7528,86;0,24;0;3;3
2024-07-22;16;153;59,29;9071,37;0,24;2;3;2
2024-07-29;1;151;29,21;4410,71;0,15;2;1;3
2024-07-29;2;155;31,46;4876,3;0,18;0;1;3
2024-07-29;3;136;54,54;7417,44;0,02;2;2;1
2024-07-29;4;140;55,80;7812;0,15;0;1;2
2024-07-29;5;142;31,36;4453,12;0,15;1;1;2
2024-07-29;6;146;44,31;6469,26;0,18;1;3;1
2024-07-29;7;161;56,03;9020,83;0,04;1;1;3
2024-07-29;8;165;10,17;1678,05;0,22;1;1;1
2024-07-29;9;147;52,41;7704,27;0,08;3;2;3
2024-07-29;10;154;26,28;4047,12;0,06;2;2;1
2024-07-29;11;148;34,58;5117,84;0,13;1;1;1
2024-07-29;12;161;23,47;3778,67;0,22;2;1;1
2024-07-29;13;153;45,94;7028,82;0,08;0;3;2
2024-07-29;14;162;46,09;7466,58;0,02;1;1;1
2024-07-29;15;126;42,66;5375,16;0,04;1;3;1
2024-07-29;16;173;50,13;8672,49;0,23;5;2;2
2024-08-05;1;168;58,13;9765,84;0,20;3;2;1
2024-08-05;2;161;14,08;2266,88;0,06;4;1;1
2024-08-05;3;150;52,00;7800;0,02;1;1;2
2024-08-05;4;145;25,38;3680,1;0,05;0;1;1
2024-08-05;5;155;35,44;5493,2;0,07;0;1;2
2024-08-05;6;144;40,07;5770,08;0,19;1;2;2
2024-08-05;7;155;58,03;8994,65;0,04;6;1;3
2024-08-05;8;146;38,62;5638,52;0,12;2;2;3
2024-08-05;9;146;34,44;5028,24;0,13;0;3;3
2024-08-05;10;174;30,46;5300,04;0,04;2;1;1
2024-08-05;11;143;21,23;3035,89;0,01;2;1;2
2024-08-05;12;155;12,37;1917,35;0,22;0;2;3
2024-08-05;13;173;27,02;4674,46;0,19;3;3;3
2024-08-05;14;145;31,66;4590,7;0,23;2;3;3
2024-08-05;15;140;21,52;3012,8;0,07;0;1;3
2024-08-05;16;156;29,37;4581,72;0,16;1;2;2
2024-08-12;1;126;16,30;2053,8;0,21;2;2;1
2024-08-12;2;126;23,93;3015,18;0,14;1;1;3
2024-08-12;3;149;16,89;2516,61;0,19;3;2;2
2024-08-12;4;176;47,00;8272;0,18;4;2;3
2024-08-12;5;141;12,73;1794,93;0,16;1;1;1
2024-08-12;6;160;28,24;4518,4;0,13;0;2;1
2024-08-12;7;147;19,16;2816,52;0,22;0;1;1
2024-08-12;8;155;55,60;8618;0,20;0;2;2
2024-08-12;9;163;56,12;9147,56;0,18;3;3;2
2024-08-12;10;130;51,06;6637,8;0,22;0;2;3
2024-08-12;11;175;40,73;7127,75;0,17;0;2;1
2024-08-12;12;146;48,13;7026,98;0,21;2;3;3
2024-08-12;13;136;45,04;6125,44;0,14;2;3;2
2024-08-12;14;162;16,23;2629,26;0,23;2;2;1
2024-08-12;15;154;56,58;8713,32;0,14;1;1;3
2024-08-12;16;147;30,79;4526,13;0,22;1;3;3
2024-08-19;1;163;51,22;8348,86;0,18;3;2;3
2024-08-19;2;146;52,12;7609,52;0,12;0;3;1
2024-08-19;3;133;47,55;6324,15;0,18;0;3;2
2024-08-19;4;164;49,65;8142,6;0,12;2;3;1
2024-08-19;5;146;52,07;7602,22;0,01;4;3;3
2024-08-19;6;155;41,40;6417;0,03;1;3;2
2024-08-19;7;158;42,62;6733,96;0,05;1;3;2
2024-08-19;8;155;38,25;5928,75;0,15;1;3;3
2024-08-19;9;163;30,66;4997,58;0,19;5;1;2
2024-08-19;10;136;53,92;7333,12;0,09;1;1;3
2024-08-19;11;149;23,04;3432,96;0,01;0;3;3
2024-08-19;12;148;48,23;7138,04;0,03;3;1;1
2024-08-19;13;168;46,98;7892,64;0,03;1;1;3
2024-08-19;14;144;48,97;7051,68;0,23;2;1;2
2024-08-19;15;156;40,27;6282,12;0,02;3;1;1
2024-08-19;16;151;56,00;8456;0,12;3;2;3
2024-08-26;1;165;13,07;2156,55;0,06;3;3;2
2024-08-26;2;168;32,00;5376;0,04;4;2;3
2024-08-26;3;139;43,04;5982,56;0,06;3;3;2
2024-08-26;4;150;18,17;2725,5;0,12;1;3;2
2024-08-26;5;168;58,81;9880,08;0,16;0;3;1
2024-08-26;6;121;21,74;2630,54;0,08;0;1;1
2024-08-26;7;155;13,90;2154,5;0,13;2;3;2
2024-08-26;8;129;38,92;5020,68;0,24;0;2;2
2024-08-26;9;152;11,18;1699,36;0,23;2;2;2
2024-08-26;10;130;12,54;1630,2;0,15;1;2;2
2024-08-26;11;150;36,59;5488,5;0,13;0;3;3
2024-08-26;12;142;55,01;7811,42;0,18;5;2;3
2024-08-26;13;143;40,15;5741,45;0,11;0;1;2
2024-08-26;14;140;44,81;6273,4;0,24;2;3;3
2024-08-26;15;142;29,22;4149,24;0,21;2;2;1
2024-08-26;16;153;56,90;8705,7;0,16;4;3;2
2024-09-02;1;153;50,66;7750,98;0,08;4;2;1
2024-09-02;2;185;42,41;7845,85;0,14;3;3;2
2024-09-02;3;166;50,80;8432,8;0,08;1;2;2
2024-09-02;4;147;19,36;2845,92;0,17;1;3;2
2024-09-02;5;161;43,40;6987,4;0,16;4;1;2
2024-09-02;6;158;55,23;8726,34;0,17;1;3;3
2024-09-02;7;166;31,22;5182,52;0,18;3;3;2
2024-09-02;8;144;15,48;2229,12;0,06;3;2;2
2024-09-02;9;145;43,30;6278,5;0,20;0;3;3
2024-09-02;10;143;28,24;4038,32;0,25;3;2;3
2024-09-02;11;149;27,38;4079,62;0,20;0;2;2
2024-09-02;12;160;15,37;2459,2;0,07;1;2;3
2024-09-02;13;159;42,98;6833,82;0,18;2;1;2
2024-09-02;14;160;39,36;6297,6;0,24;2;3;3
2024-09-02;15;154;26,66;4105,64;0,18;3;1;3
2024-09-02;16;139;52,62;7314,18;0,21;3;2;2
2024-09-09;1;175;42,82;7493,5;0,10;1;3;2
2024-09-09;2;148;35,07;5190,36;0,20;2;2;3
2024-09-09;3;148;50,92;7536,16;0,14;3;1;2
2024-09-09;4;158;47,73;7541,34;0,01;0;3;3
2024-09-09;5;129;21,77;2808,33;0,25;1;3;3
2024-09-09;6;156;26,09;4070,04;0,08;2;3;1
2024-09-09;7;149;39,60;5900,4;0,19;0;2;1
2024-09-09;8;161;43,45;6995,45;0,08;1;3;3
2024-09-09;9;150;35,37;5305,5;0,01;3;2;3
2024-09-09;10;163;40,49;6599,87;0,14;6;3;2
2024-09-09;11;142;39,07;5547,94;0,24;2;3;1
2024-09-09;12;138;45,56;6287,28;0,19;0;2;3
2024-09-09;13;150;53,75;8062,5;0,04;2;3;3
2024-09-09;14;141;57,03;8041,23;0,06;0;2;1
2024-09-09;15;127;42,09;5345,43;0,08;2;3;3
2024-09-09;16;174;29,96;5213,04;0,19;0;1;3
2024-09-16;1;143;32,74;4681,82;0,14;0;2;3
2024-09-16;2;139;31,74;4411,86;0,01;1;3;2
2024-09-16;3;151;46,62;7039,62;0,02;0;3;3
2024-09-16;4;143;32,84;4696,12;0,25;1;2;1
2024-09-16;5;159;52,50;8347,5;0,05;2;2;3
2024-09-16;6;167;27,34;4565,78;0,24;3;1;3
2024-09-16;7;142;30,22;4291,24;0,12;1;3;2
2024-09-16;8;142;48,93;6948,06;0,22;0;2;1
2024-09-16;9;163;31,37;5113,31;0,23;1;2;2
2024-09-16;10;138;33,65;4643,7;0,19;6;3;1
2024-09-16;11;159;13,81;2195,79;0,23;1;2;1
2024-09-16;12;171;45,76;7824,96;0,18;6;1;3
2024-09-16;13;160;37,86;6057,6;0,09;0;1;2
2024-09-16;14;140;37,44;5241,6;0,23;3;1;1
2024-09-16;15;124;22,26;2760,24;0,06;0;3;1
2024-09-16;16;146;38,91;5680,86;0,14;1;2;3
2024-09-23;1;158;27,31;4314,98;0,02;1;1;3
2024-09-23;2;134;17,80;2385,2;0,12;0;3;2
2024-09-23;3;159;37,74;6000,66;0,04;0;2;2
2024-09-23;4;166;14,95;2481,7;0,17;2;3;1
2024-09-23;5;149;54,35;8098,15;0,06;1;1;1
2024-09-23;6;144;55,82;8038,08;0,21;2;3;3
2024-09-23;7;167;57,29;9567,43;0,13;0;1;1
2024-09-23;8;148;30,02;4442,96;0,23;1;2;2
2024-09-23;9;150;48,05;7207,5;0,18;1;1;3
2024-09-23;10;132;16,55;2184,6;0,07;0;1;2
2024-09-23;11;161;30,70;4942,7;0,08;3;2;3
2024-09-23;12;169;10,45;1766,05;0,20;1;3;3
2024-09-23;13;151;55,73;8415,23;0,14;1;3;2
2024-09-23;14;142;49,83;7075,86;0,11;0;1;1
2024-09-23;15;131;33,25;4355,75;0,16;1;2;2
2024-09-23;16;135;55,34;7470,9;0,04;2;1;3
2024-09-30;1;153;17,53;2682,09;0,24;2;1;3
2024-09-30;2;164;46,97;7703,08;0,20;1;2;1
2024-09-30;3;146;14,67;2141,82;0,18;0;3;3
2024-09-30;4;138;14,92;2058,96;0,24;3;1;2
2024-09-30;5;154;54,38;8374,52;0,06;3;2;2
2024-09-30;6;138;37,91;5231,58;0,18;0;2;3
2024-09-30;7;142;27,87;3957,54;0,19;2;1;3
2024-09-30;8;140;41,45;5803;0,11;0;1;2
2024-09-30;9;144;15,41;2219,04;0,14;2;3;3
2024-09-30;10;153;16,38;2506,14;0,11;2;2;1
2024-09-30;11;156;46,45;7246,2;0,16;0;1;1
2024-09-30;12;157;59,67;9368,19;0,17;2;2;3
2024-09-30;13;150;59,84;8976;0,19;2;2;3
2024-09-30;14;129;45,43;5860,47;0,19;0;3;2
2024-09-30;15;155;48,01;7441,55;0,06;2;3;3
2024-09-30;16;142;41,67;5917,14;0,03;2;3;3
2024-10-07;1;140;27,68;3875,2;0,23;2;1;2
2024-10-07;2;128;26,87;3439,36;0,20;1;3;3
2024-10-07;3;157;58,78;9228,46;0,23;1;3;3
2024-10-07;4;158;54,94;8680,52;0,02;1;3;3
2024-10-07;5;143;18,46;2639,78;0,12;2;2;2
2024-10-07;6;150;13,32;1998;0,22;4;2;1
2024-10-07;7;154;16,57;2551,78;0,20;0;1;2
2024-10-07;8;147;39,28;5774,16;0,08;2;2;3
2024-10-07;9;145;41,69;6045,05;0,05;1;2;1
2024-10-07;10;164;36,79;6033,56;0,16;1;3;2
2024-10-07;11;142;20,74;2945,08;0,07;0;1;2
2024-10-07;12;143;58,09;8306,87;0,15;2;1;2
2024-10-07;13;121;50,73;6138,33;0,16;0;2;1
2024-10-07;14;147;52,18;7670,46;0,02;2;3;3
2024-10-07;15;162;45,48;7367,76;0,19;2;3;1
2024-10-07;16;131;49,82;6526,42;0,06;0;2;1
2024-10-14;1;146;16,33;2384,18;0,17;0;2;3
2024-10-14;2;132;14,18;1871,76;0,21;3;2;1
2024-10-14;3;160;36,16;5785,6;0,05;1;3;3
2024-10-14;4;150;14,73;2209,5;0,07;3;1;3
2024-10-14;5;147;59,57;8756,79;0,13;1;1;1
2024-10-14;6;161;22,60;3638,6;0,20;1;2;1
2024-10-14;7;138;46,64;6436,32;0,03;1;1;3
2024-10-14;8;139;48,17;6695,63;0,18;2;3;2
2024-10-14;9;139;17,32;2407,48;0,10;0;1;1
2024-10-14;10;159;38,71;6154,89;0,02;3;1;3
2024-10-14;11;185;45,23;8367,55;0,21;2;1;2
2024-10-14;12;143;35,61;5092,23;0,10;3;1;3
2024-10-14;13;159;39,28;6245,52;0,17;0;3;1
2024-10-14;14;145;38,36;5562,2;0,05;0;3;3
2024-10-14;15;151;26,72;4034,72;0,16;0;3;2
2024-10-14;16;135;13,09;1767,15;0,22;0;3;2
2024-10-21;1;156;29,99;4678,44;0,19;1;3;1
2024-10-21;2;158;39,65;6264,7;0,19;2;2;3
2024-10-21;3;154;57,45;8847,3;0,09;2;2;1
2024-10-21;4;130;30,60;3978;0,21;1;2;1
2024-10-21;5;159;33,22;5281,98;0,23;1;3;3
2024-10-21;6;157;33,00;5181;0,17;1;2;3
2024-10-21;7;159;29,79;4736,61;0,16;3;1;2
2024-10-21;8;161;27,95;4499,95;0,03;1;2;2
2024-10-21;9;178;36,84;6557,52;0,16;2;1;3
2024-10-21;10;155;27,97;4335,35;0,04;0;3;1
2024-10-21;11;130;41,41;5383,3;0,22;2;3;3
2024-10-21;12;141;19,65;2770,65;0,24;1;1;2
2024-10-21;13;137;29,76;4077,12;0,22;1;2;2
2024-10-21;14;146;54,63;7975,98;0,22;2;1;1
2024-10-21;15;139;58,78;8170,42;0,15;2;1;3
2024-10-21;16;148;31,45;4654,6;0,18;3;1;3
2024-10-28;1;150;27,01;4051,5;0,04;4;2;2
2024-10-28;2;143;45,77;6545,11;0,20;3;3;1
2024-10-28;3;154;18,38;2830,52;0,16;2;1;3
2024-10-28;4;141;48,92;6897,72;0,21;1;3;3
2024-10-28;5;157;46,95;7371,15;0,12;2;3;1
2024-10-28;6;147;18,90;2778,3;0,02;2;2;1
2024-10-28;7;164;13,31;2182,84;0,11;2;1;2
2024-10-28;8;136;21,60;2937,6;0,10;0;2;2
2024-10-28;9;145;40,55;5879,75;0,02;2;3;3
2024-10-28;10;149;24,47;3646,03;0,18;2;1;2
2024-10-28;11;150;17,29;2593,5;0,06;2;3;3
2024-10-28;12;143;28,70;4104,1;0,16;1;3;2
2024-10-28;13;147;14,71;2162,37;0,06;0;3;3
2024-10-28;14;174;12,10;2105,4;0,03;0;3;1
2024-10-28;15;153;34,93;5344,29;0,09;3;1;2
2024-10-28;16;143;46,06;6586,58;0,11;2;1;2
2024-11-04;1;156;35,20;5491,2;0,24;2;2;2
2024-11-04;2;169;34,16;5773,04;0,23;1;1;1
2024-11-04;3;186;55,13;10254,18;0,11;0;1;2
2024-11-04;4;167;11,11;1855,37;0,03;2;3;3
2024-11-04;5;149;47,25;7040,25;0,03;1;2;3
2024-11-04;6;138;53,66;7405,08;0,13;0;1;2
2024-11-04;7;152;16,61;2524,72;0,02;0;1;1
2024-11-04;8;159;37,03;5887,77;0,06;1;1;1
2024-11-04;9;185;55,08;10189,8;0,15;0;1;2
2024-11-04;10;149;30,93;4608,57;0,22;1;1;1
2024-11-04;11;152;56,03;8516,56;0,12;2;3;3
2024-11-04;12;142;23,98;3405,16;0,08;4;3;2
2024-11-04;13;156;59,40;9266,4;0,04;1;1;3
2024-11-04;14;155;45,85;7106,75;0,02;0;1;1
2024-11-04;15;157;37,77;5929,89;0,07;2;3;1
2024-11-04;16;147;44,48;6538,56;0,03;0;1;2
2024-11-11;1;163;41,55;6772,65;0,10;1;3;2
2024-11-11;2;157;35,51;5575,07;0,24;4;2;3
2024-11-11;3;147;37,16;5462,52;0,13;0;3;2
2024-11-11;4;153;49,01;7498,53;0,20;0;1;2
2024-11-11;5;145;25,80;3741;0,14;1;1;1
2024-11-11;6;152;24,33;3698,16;0,02;3;1;1
2024-11-11;7;158;21,33;3370,14;0,24;3;2;2
2024-11-11;8;152;10,72;1629,44;0,01;2;2;1
2024-11-11;9;137;17,75;2431,75;0,14;0;2;1
2024-11-11;10;160;14,31;2289,6;0,21;2;1;2
2024-11-11;11;171;56,03;9581,13;0,02;0;1;1
2024-11-11;12;140;23,21;3249,4;0,18;3;3;3
2024-11-11;13;161;30,08;4842,88;0,10;1;2;1
2024-11-11;14;136;35,54;4833,44;0,13;2;1;2
2024-11-11;15;151;43,16;6517,16;0,20;1;1;1
2024-11-11;16;155;27,10;4200,5;0,23;3;1;1
2024-11-18;1;153;52,70;8063,1;0,24;1;3;3
2024-11-18;2;152;13,60;2067,2;0,11;2;3;3
2024-11-18;3;123;15,37;1890,51;0,05;3;2;2
2024-11-18;4;150;13,22;1983;0,10;2;1;3
2024-11-18;5;134;13,23;1772,82;0,16;4;3;3
2024-11-18;6;164;38,86;6373,04;0,13;1;3;3
2024-11-18;7;163;12,81;2088,03;0,24;0;2;3
2024-11-18;8;144;50,89;7328,16;0,06;2;2;2
2024-11-18;9;162;12,10;1960,2;0,05;1;1;3
2024-11-18;10;126;29,00;3654;0,22;0;3;2
2024-11-18;11;148;53,87;7972,76;0,13;1;2;2
2024-11-18;12;166;13,97;2319,02;0,11;3;1;3
2024-11-18;13;153;24,32;3720,96;0,07;1;2;1
2024-11-18;14;145;42,09;6103,05;0,19;2;1;3
2024-11-18;15;171;59,23;10128,33;0,05;2;1;2
2024-11-18;16;151;33,84;5109,84;0,20;3;3;2
2024-11-25;1;159;13,36;2124,24;0,05;4;2;1
2024-11-25;2;157;28,35;4450,95;0,01;1;1;3
2024-11-25;3;150;18,66;2799;0,13;2;2;1
2024-11-25;4;140;55,02;7702,8;0,12;3;1;2
2024-11-25;5;172;14,79;2543,88;0,12;2;3;3
2024-11-25;6;147;42,05;6181,35;0,00;4;1;3
2024-11-25;7;140;15,45;2163;0,06;0;3;3
2024-11-25;8;155;43,61;6759,55;0,09;4;2;3
2024-11-25;9;168;38,67;6496,56;0,24;5;3;1
2024-11-25;10;148;25,10;3714,8;0,09;0;3;2
2024-11-25;11;139;35,54;4940,06;0,06;1;3;2
2024-11-25;12;165;55,70;9190,5;0,09;2;1;3
2024-11-25;13;185;43,99;8138,15;0,07;1;1;2
2024-11-25;14;148;55,72;8246,56;0,06;1;3;1
2024-11-25;15;155;14,80;2294;0,25;2;2;2
2024-11-25;16;148;14,38;2128,24;0,12;3;3;1
2024-12-02;1;168;36,57;6143,76;0,17;1;1;3
2024-12-02;2;126;40,08;5050,08;0,00;0;2;1
2024-12-02;3;139;37,05;5149,95;0,07;1;3;1
2024-12-02;4;166;34,77;5771,82;0,24;2;1;1
2024-12-02;5;158;11,00;1738;0,16;2;1;1
2024-12-02;6;132;55,77;7361,64;0,05;1;1;1
2024-12-02;7;149;51,23;7633,27;0,19;1;2;1
2024-12-02;8;128;43,99;5630,72;0,18;4;2;2
2024-12-02;9;148;36,96;5470,08;0,04;1;3;2
2024-12-02;10;152;28,33;4306,16;0,25;1;2;3
2024-12-02;11;140;17,08;2391,2;0,11;0;1;3
2024-12-02;12;148;43,51;6439,48;0,19;0;2;1
2024-12-02;13;149;54,70;8150,3;0,05;1;2;3
2024-12-02;14;153;51,51;7881,03;0,06;1;3;2
2024-12-02;15;161;30,11;4847,71;0,01;2;3;1
2024-12-02;16;165;21,58;3560,7;0,00;2;3;2
2024-12-09;1;150;44,73;6709,5;0,25;1;2;3
2024-12-09;2;147;33,84;4974,48;0,22;0;1;3
2024-12-09;3;153;21,15;3235,95;0,07;0;1;1
2024-12-09;4;149;45,92;6842,08;0,09;0;1;3
2024-12-09;5;157;48,85;7669,45;0,18;3;1;2
2024-12-09;6;138;25,05;3456,9;0,24;1;3;2
2024-12-09;7;130;32,21;4187,3;0,25;1;2;3
2024-12-09;8;152;58,41;8878,32;0,20;1;1;2
2024-12-09;9;143;42,22;6037,46;0,05;1;3;2
2024-12-09;10;167;38,33;6401,11;0,10;0;3;2
2024-12-09;11;145;54,79;7944,55;0,08;1;2;2
2024-12-09;12;161;49,91;8035,51;0,24;3;1;2
2024-12-09;13;147;35,43;5208,21;0,07;1;2;1
2024-12-09;14;139;19,22;2671,58;0,02;3;2;1
2024-12-09;15;173;52,02;8999,46;0,05;3;3;3
2024-12-09;16;150;17,07;2560,5;0,08;0;3;2
2024-12-16;1;143;21,80;3117,4;0,07;5;3;3
2024-12-16;2;140;44,34;6207,6;0,21;1;2;1
2024-12-16;3;166;19,85;3295,1;0,08;2;3;1
2024-12-16;4;145;21,85;3168,25;0,18;1;3;3
2024-12-16;5;148;44,31;6557,88;0,06;3;1;2
2024-12-16;6;158;58,75;9282,5;0,17;1;3;3
2024-12-16;7;136;18,24;2480,64;0,11;1;3;2
2024-12-16;8;158;51,09;8072,22;0,08;1;1;2
2024-12-16;9;160;25,40;4064;0,10;1;3;3
2024-12-16;10;153;46,28;7080,84;0,14;0;2;3
2024-12-16;11;143;29,52;4221,36;0,13;1;2;1
2024-12-16;12;160;57,32;9171,2;0,09;1;3;3
2024-12-16;13;157;28,92;4540,44;0,19;3;1;1
2024-12-16;14;160;51,37;8219,2;0,19;2;3;3
2024-12-16;15;147;33,04;4856,88;0,01;1;1;2
2024-12-16;16;153;44,27;6773,31;0,21;1;1;2
2024-12-23;1;169;52,01;8789,69;0,21;1;3;2
2024-12-23;2;143;50,57;7231,51;0,21;1;1;1
2024-12-23;3;153;33,44;5116,32;0,25;0;3;2
2024-12-23;4;139;46,24;6427,36;0,16;0;3;3
2024-12-23;5;161;16,75;2696,75;0,11;0;1;3
2024-12-23;6;141;52,59;7415,19;0,20;1;2;2
2024-12-23;7;158;27,04;4272,32;0,18;2;3;3
2024-12-23;8;154;44,15;6799,1;0,10;3;3;3
2024-12-23;9;136;27,11;3686,96;0,03;1;1;1
2024-12-23;10;145;31,54;4573,3;0,17;1;3;1
2024-12-23;11;139;40,34;5607,26;0,16;1;1;1
2024-12-23;12;173;13,07;2261,11;0,08;0;1;2
2024-12-23;13;151;38,75;5851,25;0,19;4;3;2
2024-12-23;14;167;26,93;4497,31;0,06;0;1;3
2024-12-23;15;152;21,36;3246,72;0,18;2;2;2
2024-12-23;16;168;27,38;4599,84;0,06;1;3;2
2024-12-30;1;131;14,33;1877,23;0,07;0;2;1
2024-12-30;2;161;25,42;4092,62;0,14;1;3;2
2024-12-30;3;142;49,89;7084,38;0,24;1;1;1
2024-12-30;4;118;47,96;5659,28;0,14;2;3;3
2024-12-30;5;157;54,29;8523,53;0,20;1;3;3
2024-12-30;6;143;35,10;5019,3;0,15;0;2;1
2024-12-30;7;156;41,01;6397,56;0,06;1;1;3
2024-12-30;8;139;34,40;4781,6;0,06;0;1;2
2024-12-30;9;156;59,48;9278,88;0,13;1;2;1
2024-12-30;10;156;51,01;7957,56;0,08;5;3;1
2024-12-30;11;154;13,64;2100,56;0,09;2;3;3
2024-12-30;12;156;27,81;4338,36;0,07;2;1;3
2024-12-30;13;144;20,37;2933,28;0,10;0;3;3
2024-12-30;14;183;55,67;10187,61;0,11;1;1;1
2024-12-30;15;140;44,28;6199,2;0,12;0;3;3
2024-12-30;16;147;32,51;4778,97;0,08;0;3;2
2025-01-06;1;148;10,85;1605,8;0,15;3;1;2
2025-01-06;2;139;48,61;6756,79;0,06;0;3;1
2025-01-06;3;146;53,71;7841,66;0,15;1;1;1
2025-01-06;4;151;15,66;2364,66;0,05;4;1;2
2025-01-06;5;180;17,26;3106,8;0,11;0;3;3
2025-01-06;6;156;12,90;2012,4;0,12;4;1;1
2025-01-06;7;147;59,90;8805,3;0,13;1;3;1
2025-01-06;8;146;35,61;5199,06;0,11;1;3;2
2025-01-06;9;136;35,43;4818,48;0,01;0;1;2
2025-01-06;10;177;13,17;2331,09;0,17;0;3;3
2025-01-06;11;159;42,55;6765,45;0,18;0;2;1
2025-01-06;12;158;26,98;4262,84;0,24;1;2;2
2025-01-06;13;186;33,88;6301,68;0,02;2;3;1
2025-01-06;14;129;22,94;2959,26;0,19;0;3;1
2025-01-06;15;164;11,76;1928,64;0,10;5;2;3
2025-01-06;16;132;47,56;6277,92;0,08;2;3;2
2025-01-13;1;138;23,26;3209,88;0,11;2;2;3
2025-01-13;2;160;56,42;9027,2;0,07;1;1;1
2025-01-13;3;154;12,33;1898,82;0,15;1;2;3
2025-01-13;4;159;37,61;5979,99;0,00;2;1;2
2025-01-13;5;159;33,23;5283,57;0,24;1;1;1
2025-01-13;6;139;37,94;5273,66;0,24;2;3;3
2025-01-13;7;143;41,24;5897,32;0,15;0;2;2
2025-01-13;8;155;10,93;1694,15;0,13;5;1;3
2025-01-13;9;145;14,81;2147,45;0,18;0;1;1
2025-01-13;10;141;39,64;5589,24;0,19;2;1;3
2025-01-13;11;153;32,61;4989,33;0,06;0;2;1
2025-01-13;12;146;12,13;1770,98;0,03;0;3;1
2025-01-13;13;153;18,31;2801,43;0,15;2;1;3
2025-01-13;14;144;14,91;2147,04;0,23;1;2;1
2025-01-13;15;161;37,17;5984,37;0,02;3;3;2
2025-01-13;16;154;35,95;5536,3;0,10;1;3;3
2025-01-20;1;155;39,79;6167,45;0,21;3;2;2
2025-01-20;2;151;41,98;6338,98;0,11;0;1;3
2025-01-20;3;146;12,43;1814,78;0,17;3;2;3
2025-01-20;4;155;45,38;7033,9;0,11;0;1;3
2025-01-20;5;183;43,27;7918,41;0,13;0;1;1
2025-01-20;6;159;40,57;6450,63;0,03;2;1;3
2025-01-20;7;128;37,63;4816,64;0,22;2;2;3
2025-01-20;8;140;38,66;5412,4;0,15;0;1;1
2025-01-20;9;143;34,44;4924,92;0,04;2;1;3
2025-01-20;10;157;11,37;1785,09;0,05;1;1;2
2025-01-20;11;136;29,57;4021,52;0,24;2;2;3
2025-01-20;12;155;33,42;5180,1;0,10;1;2;3
2025-01-20;13;146;36,40;5314,4;0,19;1;3;1
2025-01-20;14;158;58,09;9178,22;0,10;3;1;3
2025-01-20;15;163;42,73;6964,99;0,02;4;3;3
2025-01-20;16;132;26,50;3498;0,11;1;3;2
2025-01-27;1;170;59,39;10096,3;0,15;0;1;2
2025-01-27;2;138;12,52;1727,76;0,12;0;1;1
2025-01-27;3;148;32,94;4875,12;0,04;1;1;1
2025-01-27;4;145;39,22;5686,9;0,15;0;3;1
2025-01-27;5;146;26,69;3896,74;0,14;1;1;2
2025-01-27;6;147;18,11;2662,17;0,15;1;3;2
2025-01-27;7;143;37,56;5371,08;0,12;2;1;1
2025-01-27;8;155;10,05;1557,75;0,13;1;2;3
2025-01-27;9;131;47,34;6201,54;0,10;2;2;3
2025-01-27;10;150;24,51;3676,5;0,10;1;2;2
2025-01-27;11;155;14,63;2267,65;0,17;2;3;1
2025-01-27;12;147;30,55;4490,85;0,20;3;3;1
2025-01-27;13;157;43,52;6832,64;0,06;1;1;3
2025-01-27;14;138;42,43;5855,34;0,15;2;2;3
2025-01-27;15;140;41,66;5832,4;0,16;2;3;3
2025-01-27;16;142;32,01;4545,42;0,17;1;3;1
2025-02-03;1;177;43,75;7743,75;0,14;1;2;1
2025-02-03;2;126;17,87;2251,62;0,05;4;2;1
2025-02-03;3;158;39,55;6248,9;0,13;3;1;3
2025-02-03;4;158;20,58;3251,64;0,16;0;1;3
2025-02-03;5;127;11,22;1424,94;0,14;2;2;3
2025-02-03;6;146;45,69;6670,74;0,23;2;1;3
2025-02-03;7;153;10,77;1647,81;0,17;1;1;2
2025-02-03;8;165;36,53;6027,45;0,19;3;1;1
2025-02-03;9;155;59,11;9162,05;0,24;3;1;2
2025-02-03;10;158;15,19;2400,02;0,07;0;1;3
2025-02-03;11;134;17,33;2322,22;0,23;2;3;2
2025-02-03;12;127;50,95;6470,65;0,20;3;3;2
2025-02-03;13;147;47,92;7044,24;0,07;2;2;1
2025-02-03;14;151;23,79;3592,29;0,13;2;3;3
2025-02-03;15;175;56,83;9945,25;0,20;2;3;3
2025-02-03;16;161;22,20;3574,2;0,05;3;1;2
2025-02-10;1;158;40,75;6438,5;0,11;0;2;3
2025-02-10;2;151;14,81;2236,31;0,12;2;3;1
2025-02-10;3;121;22,88;2768,48;0,01;0;1;2
2025-02-10;4;135;50,17;6772,95;0,11;0;2;1
2025-02-10;5;131;49,90;6536,9;0,09;0;2;3
2025-02-10;6;147;11,48;1687,56;0,16;1;3;1
2025-02-10;7;158;27,10;4281,8;0,13;1;3;1
2025-02-10;8;157;14,09;2212,13;0,16;2;1;3
2025-02-10;9;145;52,15;7561,75;0,04;3;1;3
2025-02-10;10;148;50,70;7503,6;0,13;1;3;2
2025-02-10;11;170;22,85;3884,5;0,09;3;2;2
2025-02-10;12;174;53,19;9255,06;0,06;5;1;1
2025-02-10;13;153;11,71;1791,63;0,04;0;2;3
2025-02-10;14;160;58,46;9353,6;0,16;2;2;3
2025-02-10;15;139;43,39;6031,21;0,22;4;2;1
2025-02-10;16;134;50,17;6722,78;0,22;1;2;1
2025-02-17;1;145;25,28;3665,6;0,06;1;3;1
2025-02-17;2;139;57,83;8038,37;0,21;3;3;3
2025-02-17;3;162;50,60;8197,2;0,23;4;3;3
2025-02-17;4;157;11,99;1882,43;0,04;4;2;2
2025-02-17;5;149;33,25;4954,25;0,17;0;1;3
2025-02-17;6;140;41,53;5814,2;0,04;2;2;3
2025-02-17;7;145;14,90;2160,5;0,17;1;1;2
2025-02-17;8;161;43,27;6966,47;0,23;0;2;3
2025-02-17;9;155;34,72;5381,6;0,01;0;3;1
2025-02-17;10;147;33,98;4995,06;0,15;3;2;2
2025-02-17;11;143;53,08;7590,44;0,05;1;2;1
2025-02-17;12;139;23,55;3273,45;0,10;1;3;3
2025-02-17;13;154;26,52;4084,08;0,21;0;2;2
2025-02-17;14;125;54,84;6855;0,06;2;2;2
2025-02-17;15;143;37,83;5409,69;0,21;1;1;2
2025-02-17;16;154;49,48;7619,92;0,05;2;1;3
2025-02-24;1;150;34,73;5209,5;0,03;2;3;1
2025-02-24;2;150;53,95;8092,5;0,22;1;2;3
2025-02-24;3;148;35,98;5325,04;0,24;2;2;2
2025-02-24;4;142;41,36;5873,12;0,16;2;2;2
2025-02-24;5;137;26,89;3683,93;0,11;0;3;2
2025-02-24;6;162;55,68;9020,16;0,04;0;3;2
2025-02-24;7;149;56,87;8473,63;0,00;1;2;2
2025-02-24;8;172;14,66;2521,52;0,08;2;2;2
2025-02-24;9;137;51,82;7099,34;0,22;0;1;3
2025-02-24;10;136;39,74;5404,64;0,09;3;1;1
2025-02-24;11;158;41,23;6514,34;0,03;1;2;3
2025-02-24;12;137;40,82;5592,34;0,14;0;1;2
2025-02-24;13;131;39,19;5133,89;0,24;1;1;1
2025-02-24;14;177;31,79;5626,83;0,13;2;3;2
2025-02-24;15;145;11,46;1661,7;0,11;1;3;3
2025-02-24;16;154;31,37;4830,98;0,12;2;1;2
2025-03-03;1;160;27,08;4332,8;0,25;3;1;3
2025-03-03;2;141;25,70;3623,7;0,11;3;1;2
2025-03-03;3;161;23,60;3799,6;0,15;1;2;3
2025-03-03;4;132;17,15;2263,8;0,17;2;1;1
2025-03-03;5;162;49,17;7965,54;0,25;3;2;2
2025-03-03;6;159;31,09;4943,31;0,18;2;2;2
2025-03-03;7;155;32,44;5028,2;0,03;2;3;3
2025-03-03;8;141;10,87;1532,67;0,10;2;1;2
2025-03-03;9;151;33,49;5056,99;0,07;1;1;1
2025-03-03;10;147;12,06;1772,82;0,17;3;2;2
2025-03-03;11;181;36,57;6619,17;0,01;2;2;3
2025-03-03;12;134;15,69;2102,46;0,13;1;2;3
2025-03-03;13;142;16,41;2330,22;0,19;2;1;1
2025-03-03;14;154;48,14;7413,56;0,16;4;3;1
2025-03-03;15;153;29,08;4449,24;0,04;2;2;2
2025-03-03;16;158;17,92;2831,36;0,02;3;2;1
2025-03-10;1;140;24,03;3364,2;0,10;2;2;2
2025-03-10;2;166;44,32;7357,12;0,09;5;1;1
2025-03-10;3;143;35,78;5116,54;0,04;0;3;3
2025-03-10;4;157;33,03;5185,71;0,17;2;3;3
2025-03-10;5;155;43,29;6709,95;0,05;1;2;3
2025-03-10;6;148;48,72;7210,56;0,09;0;3;1
2025-03-10;7;141;46,58;6567,78;0,12;2;2;2
2025-03-10;8;147;59,18;8699,46;0,17;3;1;2
2025-03-10;9;150;51,58;7737;0,25;2;3;3
2025-03-10;10;161;22,96;3696,56;0,09;3;1;3
2025-03-10;11;124;28,62;3548,88;0,10;3;2;1
2025-03-10;12;165;23,65;3902,25;0,12;1;3;2
2025-03-10;13;145;37,16;5388,2;0,08;2;2;3
2025-03-10;14;143;12,62;1804,66;0,25;1;1;3
2025-03-10;15;166;45,05;7478,3;0,03;2;2;3
2025-03-10;16;160;54,64;8742,4;0,07;1;3;1
2025-03-17;1;166;10,07;1671,62;0,09;3;1;3
2025-03-17;2;109;24,06;2622,54;0,23;2;2;2
2025-03-17;3;151;26,60;4016,6;0,06;3;2;1
2025-03-17;4;132;41,72;5507,04;0,03;1;3;1
2025-03-17;5;153;21,74;3326,22;0,07;2;1;2
2025-03-17;6;163;25,02;4078,26;0,01;1;1;1
2025-03-17;7;152;45,63;6935,76;0,05;0;1;1
2025-03-17;8;144;15,33;2207,52;0,06;0;3;2
2025-03-17;9;158;17,22;2720,76;0,15;0;2;2
2025-03-17;10;146;37,94;5539,24;0,03;0;2;1
2025-03-17;11;162;14,09;2282,58;0,03;3;3;2
2025-03-17;12;141;21,82;3076,62;0,16;0;1;3
2025-03-17;13;134;44,68;5987,12;0,12;2;2;3
2025-03-17;14;167;33,09;5526,03;0,25;1;2;1
2025-03-17;15;143;37,94;5425,42;0,06;1;2;2
2025-03-17;16;160;29,17;4667,2;0,07;3;3;2
2025-03-24;1;158;18,50;2923;0,02;0;2;2
2025-03-24;2;136;58,55;7962,8;0,09;4;1;1
2025-03-24;3;138;34,55;4767,9;0,10;2;1;1
2025-03-24;4;158;41,39;6539,62;0,11;3;3;1
2025-03-24;5;146;21,41;3125,86;0,06;1;3;1
2025-03-24;6;143;12,48;1784,64;0,21;0;1;2
2025-03-24;7;167;13,26;2214,42;0,14;2;3;1
2025-03-24;8;150;24,35;3652,5;0,17;1;1;3
2025-03-24;9;144;46,39;6680,16;0,10;3;1;3
2025-03-24;10;171;20,75;3548,25;0,23;1;2;1
2025-03-24;11;122;46,35;5654,7;0,23;1;3;1
2025-03-24;12;178;13,04;2321,12;0,15;5;2;1
2025-03-24;13;150;21,06;3159;0,06;1;2;2
2025-03-24;14;150;13,36;2004;0,01;2;3;2
2025-03-24;15;167;53,89;8999,63;0,20;0;3;2
2025-03-24;16;138;32,18;4440,84;0,07;1;1;2
2025-03-31;1;148;15,17;2245,16;0,07;1;2;2
2025-03-31;2;157;57,08;8961,56;0,20;2;2;3
2025-03-31;3;139;44,67;6209,13;0,21;4;3;3
2025-03-31;4;154;10,88;1675,52;0,02;0;1;2
2025-03-31;5;124;26,84;3328,16;0,16;1;1;3
2025-03-31;6;153;23,89;3655,17;0,24;0;2;2
2025-03-31;7;174;35,63;6199,62;0,03;0;1;2
2025-03-31;8;147;23,47;3450,09;0,14;1;1;1
2025-03-31;9;146;52,79;7707,34;0,13;1;3;2
2025-03-31;10;138;28,45;3926,1;0,25;1;2;1
2025-03-31;11;145;58,08;8421,6;0,24;2;1;2
2025-03-31;12;160;47,79;7646,4;0,21;1;3;3
2025-03-31;13;154;38,12;5870,48;0,22;1;2;1
2025-03-31;14;139;20,40;2835,6;0,12;3;3;3
2025-03-31;15;154;18,31;2819,74;0,23;2;1;2
2025-03-31;16;178;39,12;6963,36;0,23;0;2;3
